,Hidrocarburos líquidos (produccion),Petróleo crudo (produccion),Condensados y líquidos del gas (produccion),Gas natural  (MMpcd) (produccion),Petrolíferos y gas licuado (1) (produccion),Petroquímicos (Mt) (2) (produccion),Naftas (Mt) (produccion),Proceso de crudo (produccion),Petrolíferos y gas licuado (volumen-ventas int),Gas licuado (3) (volumen-ventas int),Gasolinas automotrices (volumen-ventas int),Pemex Magna (volumen-ventas int),Pemex Premium (volumen-ventas int),Turbosina (volumen-ventas int),Diesel (volumen-ventas int),Combustóleo (volumen-ventas int),Otros (4) (volumen-ventas int),Gas natural (Mmpcd) (volumen-ventas int),Petroquímicos (Mt) (volumen-ventas int),Complejos Petroquímicos (5) (volumen-ventas int),Sistema Nacional de Refinación (volumen-ventas int),Complejos Procesadores de Gas (6) (volumen-ventas int),Petrolíferos y gas licuado (MM$),Gas licuado (3) (MM$),Gasolinas automotrices (MM$),Pemex Magna (MM$),Pemex Premium (MM$),Turbosina (MM$),Diesel (MM$),Combustóleo  (MM$),Otros (4)  (MM$),Gas natural  (MM$),Petroquímicos  (MM$),Complejos Petroquímicos (5)  (MM$),Sistema Nacional de Refinación  (MM$),Complejos Procesadores de Gas (6)  (MM$),Exportación neta de hidrocarburos líquidos (volumen),Exportación de petróleo crudo (volumen),Exportaciones Petrolíferos y gas licuado (volumen),Importaciones Petrolíferos y gas licuado (volumen),Exportación neta de gas natural (MMpcd) (volumen),Importaciones Petroquímicos (Mt) (volumen),Exportación de petróleo crudo (MMUS$),Exportaciones Petrolíferos y gas licuado (MMUS$),Importaciones Petrolíferos y gas licuado (MMUS$),Exportación neta de gas natural (Mmpcd) (MMUS$),Importaciones Petroquímicos (Mt) (MMUS$),Petróleo crudo (8) (US$/b),Maya US$/b,Combustóleo (alto azufre) (US$/b),Gas Licuado (US$/b),Gasolinas (US$/b),Gas natural (US$/MMBtu)
Hidrocarburos líquidos (produccion),0.0,1.0,0.10105063688373017,0.3892006519724512,0.015072869172308791,0.05565032953448935,0.06190873124987618,0.009690368635469356,0.02622952935661519,1.0,0.019615378239726,0.012679316391708599,1.0,0.01137753720404681,0.011517665109396384,0.0639792403346024,0.5291617786354995,0.22105412143345488,0.020033008688479625,0.021166248139246786,0.12067456629789024,0.04707705461877904,0.005299622060805798,0.012185545615849721,0.00614954551325033,0.008293098513904796,0.09406748792615666,0.011059507499308592,0.010265307940634771,0.025420722329822485,0.049142847908579916,0.023759092816875178,0.007809466176896777,0.00796312173094794,0.030527292624411086,0.03821494291646579,0.2183579593782353,0.09063145227547759,0.020060766592249295,0.04163390859609649,0.3308869327890262,0.07931859657479387,0.43899431880564077,0.018142086189250197,0.05867689506924543,0.043862435474784134,0.23796690202653548,0.007326155090162385,0.00933799680056268,0.014115154841447831,0.010575916805926852,0.019094916219810305,0.03229933928082116
Petróleo crudo (produccion),1.0,0.0,0.04795702665569215,0.29799216517768234,0.01822613488591111,0.060622274701508064,0.045174774137127505,0.017462986542688158,0.010510343965301445,0.5223008920046718,0.013077944112220187,0.011052934640714674,0.39358314701395114,0.01953666820855867,0.013966639569250955,0.03667479504340792,0.5012410258580575,0.1165819658316766,0.01661513995337811,0.015512839816164966,0.14004311964564903,0.041156267352941214,0.013879038954164197,0.025343332633479876,0.014885862314071314,0.013083419578634688,0.0840298399734766,0.014174612081151101,0.02519023601120212,0.020485891110142603,0.06832271853789197,0.024261583590633504,0.006662466698777053,0.005571219465574119,0.039883427262865666,0.033870265331478244,0.23402898155815793,0.1041241512030798,0.026525098198449473,0.03111541040554323,0.33633626459713317,0.0634609394805139,0.6965107543404306,0.05033715347425219,0.13373692192711562,0.04103715241203277,0.29057855358834367,0.05145584737551974,0.04691101935225745,0.02594304433678352,0.031948022159980154,0.11476804261836784,0.022211731788139007
Condensados y líquidos del gas (produccion),0.15490449481354254,0.05185847470053611,0.0,0.3249676781241568,0.10170631680538222,0.6257564420486197,1.0,0.17040512409145891,0.049539599361126556,0.13555443232039777,0.043583904824804114,0.09348629294674952,0.20005946059617016,0.051524358028760736,0.011358567339264445,0.09813955692880898,0.40549820292708233,0.6502587520310129,0.11879099061263934,0.04837510784095617,0.2520287675371565,0.9749086321133899,0.004410513199546461,0.043847628660183345,0.006083245975459583,0.007010218974993815,1.0,0.06795378338333492,0.006243391350519168,0.060475606401862995,0.06831440726255748,0.018489397830737598,0.01658641136029871,0.02802574767547222,0.02191772003660239,0.03760302901176598,0.12702553741192185,0.2534450563762365,0.11841010095691752,0.141058703829696,0.32769068106566196,0.23917108609023713,0.0820284126010959,0.4039997156477453,0.021021761693759487,0.04344558015589129,0.07607177128457338,0.04283716269879576,0.03719331718676157,0.04334481101278447,0.07629209115889748,0.08591498713052875,0.03222729219957763
Gas natural  (MMpcd) (produccion),0.1661854329754116,0.10741729983079921,0.05137575239490131,0.0,0.018156505418568995,0.026494231950507662,0.06758834931288857,0.010466466029097645,0.008087378083465635,0.12591951680376134,0.006877147856757658,0.0062399913416937335,0.2596315848934873,0.01879215638690778,0.014456466923806604,0.031233477120306028,0.5411158673578486,0.020962129925248305,0.019257607201159817,0.027967440907638443,0.09270194008164527,0.05216130188315861,0.005043861708719957,0.03560632010394021,0.006698151718958286,0.006736994742018066,0.14009605980538262,0.0099687947154776,0.005077225043433459,0.013494082586058572,0.04896360648091143,0.01670140393361765,0.008693506130655186,0.013441581230542237,0.155043642784992,0.17125293522330787,0.2240640226266614,0.15876871195996928,0.03643509898290555,0.038337885906013384,0.15532336717875173,0.2988066077579348,0.10171428820014569,0.05882311831036314,0.02439951881702515,0.03460234228292839,0.2498739118368715,0.006422437159625657,0.00740869525952852,0.03552159634024928,0.04193183187732612,0.015947529877285094,0.02789052564786479
Petrolíferos y gas licuado (1) (produccion),0.014092882803276224,0.01770209578854837,0.07244420496219608,0.05499034492940858,0.0,0.046363962328608274,0.09498268351364289,1.0,0.005701239368253285,0.1408959999647978,0.010052068072754534,0.012715304576810563,0.07407851047099372,0.05343589301431291,0.010049578782988148,0.030949177013777657,0.38169338039600514,0.026247853675377974,0.009212273565544323,0.008486194325597747,0.11140371715826215,0.05722616202628658,0.006296323895936316,0.022397219039130847,0.009556591124554157,0.004447799162374104,0.4997784590876942,0.03761939418408084,0.006930717119463646,0.026209842433070403,0.14541147810580546,0.017306286171432806,0.005498119016868931,0.009935745865884265,0.03406961423327019,0.030415842291007866,0.1302896136703147,0.5818168086475389,0.5473234910731313,0.06908045554804472,0.06705278600193053,0.11805372549665831,0.08613266453860434,0.6767329629016314,0.011576322752785135,0.025755289456403253,0.07885706490095098,0.011384855773354258,0.00919579987391228,0.03066474249958323,0.0259859056813066,0.07978386696550509,0.030720291755683794
Petroquímicos (Mt) (2) (produccion),0.010086402144733565,0.009617716555379982,0.317579158700232,0.020558523494140286,0.023634887967263752,0.0,0.18893220109587416,0.021713115157454294,0.010209686742151154,0.14912981411148094,0.026218262001409393,0.051175177697627826,0.5549259148488016,0.011971224555591358,0.012769288194598974,0.05203994610076543,0.16578920702010463,0.18927372273402965,0.3369249868781792,0.17451479742087472,0.9731629602835716,1.0,0.003511517982680778,0.015528035632326393,0.005187656840996838,0.00587432725989259,0.14051665068203953,0.032833355143153276,0.006957515030062594,0.08460355064034417,0.06345752497547462,0.017307661135794957,0.06399343898721019,0.07623609928011466,0.04897533609406149,0.01877061060118232,0.0861471890828044,0.0730436463643645,0.0715134397594656,0.08345787354636017,0.10187186849797808,0.16044999002735114,0.043613595164367566,0.041243754740456766,0.01114719609450825,0.027617545877639496,0.113389953424002,0.0063047129511192845,0.007218612344174986,0.01212515612040621,0.021091645686907617,0.011465057343139679,0.02927934972166227
Naftas (Mt) (produccion),0.0879916850340688,0.03709963466273938,1.0,0.17631846927690292,0.056239313310060234,0.27775520038687845,0.0,0.07493020802390049,0.00851427588797436,0.2826136336003488,0.016355914178996782,0.044489692903049556,0.14397788368339037,0.03732120196615859,0.014914637370524503,0.03994592866761559,0.17569270102982687,0.285918580792409,0.042597749031277624,0.029748558428853576,0.15135205185285516,0.8169204403397023,0.0030487220044226365,0.05895768031252007,0.004703295035767865,0.006486094222796938,0.4964585063716004,0.034960716592435714,0.004790009491313959,0.036990727431800215,0.07667128167467788,0.023536790962892403,0.005112165563450344,0.007715368079013974,0.01894910288874598,0.025246222083102503,0.08406874662761352,0.21814878102875673,0.05548526995724356,0.049022584046197186,0.06271808501749551,0.17319224827484903,0.05932237178466927,0.11429028280750474,0.01436239578328605,0.03316913696454366,0.047207465180648,0.023666211654482634,0.02005867928408612,0.036443499261228335,0.06177991392305169,0.02185107870966591,0.05140224282366164
Proceso de crudo (produccion),0.010708901593116056,0.024586283686478423,0.18523663321936254,0.055557496086900325,1.0,0.05599391120461333,0.19064820694859966,0.0,0.005572099553427913,0.11737038370108209,0.01184916400724907,0.017408336877547437,0.08397542859917391,0.057732663383135284,0.009956105295523543,0.032586737433456504,0.40392550439171826,0.0369997286152024,0.012275459618033913,0.010354205642327407,0.12103403394777154,0.07955855003623535,0.004744763836214975,0.025152226918261467,0.006436246629552943,0.0039004955895858336,0.8886680908306094,0.09145373113311343,0.005994976729789269,0.02358522788967082,0.13486304634032847,0.01899676476090428,0.004824499471889807,0.008065261957451305,0.029067268473576914,0.027251603705299558,0.12134710512760029,0.5228230063961957,0.5440513889313379,0.07111140349719243,0.12406766269939062,0.1548651846526606,0.06484804732346405,0.8804634906661868,0.00923485930036157,0.03258179248079788,0.11592971046241295,0.023222333767021843,0.01259307836046164,0.026276904427769775,0.041412289258650044,0.13143086562359294,0.04551669590410109
Petrolíferos y gas licuado (volumen-ventas int),0.09192767106735666,0.03179473903592339,0.0620525205319939,0.04768925932380967,0.006923325638298286,0.055325791483338445,0.018449984510809463,0.007015666680033988,0.0,0.27219534477221646,0.795415253907147,0.618686589106287,0.17178279742884986,0.38813961146194975,1.0,0.21237543884937957,0.15033190554583215,0.3057107463099518,0.03995371257077033,0.02345787501977366,0.1227183198674987,0.07417354849177504,0.05874512432463934,0.013733135936853953,0.057080496842858805,0.06373724544281129,0.10676805515954996,0.13882804449335695,0.20045834366318774,0.6029357852830705,0.31750756177789496,0.07493221829239718,0.009829602484596767,0.010263299721505335,0.052056520942272345,0.03309774834797815,0.9564205691059745,0.15841330864423683,0.0260195351232755,0.5917791320585616,0.1916105557167801,0.07556286147349854,0.07542244058143963,0.02034360791351382,0.2845562139518511,0.09641913395058237,0.030752442550663985,0.017703915503527082,0.015578351515115225,0.01898022054721924,0.021455519918503436,0.049179901489639216,0.09208569864101555
Gas licuado (3) (volumen-ventas int),0.021982481739914236,0.0334131982266047,0.015149119601707072,0.04534143431938807,0.012855746258671334,0.038867042524084676,0.03331625204815395,0.013084039408785714,0.01526400623607704,0.0,0.01581676236683667,0.004762902161081808,0.14058405184265257,0.04284465629078069,0.01307242450951414,0.07651954807133944,0.09243214953873122,0.021771631550124855,0.016963193735369007,0.027892239767241204,0.08589357527072844,0.030879572481892242,0.006664705753275427,0.07280272545081111,0.011720543141050793,0.009156874260308295,0.0791985809578134,0.026139334788137538,0.008272984441360503,0.03920828299973371,0.06306428158066832,0.014932048439126395,0.009436243956112677,0.012460744548845226,0.027500963979860328,0.0336439589947743,0.10930120667652458,0.07954562619350376,0.021138382166957247,0.042321463834685734,0.04032983491034945,0.21648053434960912,0.11123249967058782,0.026160646700537412,0.023537748615171633,0.018962174650737927,0.1878496159537693,0.011851227389910938,0.010278870982852425,0.015682590002994743,0.024328501535984173,0.020405106572261397,0.027503642781943984
Gasolinas automotrices (volumen-ventas int),0.05851065425013491,0.024962903689458475,0.08977422402522926,0.03915596634142524,0.009013349277689717,0.14354035834776224,0.040560071738725986,0.008904477646978132,1.0,0.2750746488484217,0.0,1.0,0.16022604481591926,0.2662418885067687,0.48079471170891536,0.04034260089133449,0.15187891416032684,0.6133178243782554,0.22835396173634512,0.07954651269996428,0.19361618801822172,0.24546627908076118,0.03531645437389687,0.007761021236308477,0.032354503451082345,0.03336509037206195,0.15302899867707254,0.10255405562734972,0.0959729101589153,0.14805860283773853,0.1947074107407585,0.13799641881164396,0.015807240489348746,0.020814872272338927,0.04418032559894859,0.040873608478775865,1.0,0.13720400063129584,0.04135072944320796,0.6403423769835569,0.29979315845047366,0.33854155045194284,0.05373077320572379,0.018906708361556744,0.13773766180073782,0.21684448064035983,0.032697253033027514,0.01336930532881629,0.012588403562761521,0.017201678139054506,0.013658410339885779,0.033249083840533294,0.3110663176411523
Pemex Magna (volumen-ventas int),0.07357576505969027,0.026450940278586375,0.174614071281395,0.04069309138764872,0.013486071156941695,0.2751500649296337,0.08906797400019653,0.01472091465920347,0.8326699003898611,0.1961921118968406,1.0,0.0,0.22855349459331606,0.5544838229310527,0.5251474087712308,0.05388022103241152,0.20424627563533124,1.0,0.2886234274071435,0.10887322998507461,0.3222924287603415,0.541987858300584,0.11469389161344674,0.011091914924073791,0.1050873361280921,0.11180616277805437,0.08024612666890349,0.3015545531090372,0.1451809306757969,0.17076918384249518,0.20950261084214852,0.2684093028140059,0.04055609986570065,0.044118716592352086,0.03912219509301661,0.03007278727045364,0.48412713511741323,0.125165606088476,0.04805870764180802,1.0,0.31795606881102306,0.5505329830369471,0.09214896045743015,0.02426841157747135,0.36347316181664613,0.4156204457114562,0.024574178712861085,0.023681091396730386,0.018475747612268223,0.01743896783611365,0.01523664057018508,0.07212816324423263,0.4822358463583821
Pemex Premium (volumen-ventas int),0.24870475557645458,0.128561488037647,0.04248800885151589,0.23924113221190257,0.022132423917717015,0.1134680362414459,0.03519243219684356,0.017600552636488402,0.010742572494530478,0.16554792834434542,0.018015284250145196,0.009049976222422885,0.0,0.06032942827592874,0.010437488818344305,0.017271791837496844,0.24451902525437974,0.030655742197195586,0.013408869956805725,0.015541194421454007,0.08238329183889338,0.1429372147197716,0.00813520360280324,0.022136092072046896,0.011067953230552421,0.012121032668561862,0.37243044490381183,0.014772136545424891,0.005353986911912004,0.013244353658532005,0.0890221709994855,0.02879218587265912,0.020413260674778354,0.026886613130685907,0.035983452190371676,0.033838819337181206,0.12536497330995847,0.17185305740207388,0.029725292906699875,0.03482966172499228,0.08543235790959498,0.13017034408800218,0.38434703397950654,0.027285308128413194,0.02441528457932488,0.03678280803376492,0.09759857364815874,0.009781557085550369,0.012266800544395816,0.02250855853664875,0.022691438768714614,0.013895964524809483,0.03901452541523369
Turbosina (volumen-ventas int),0.020344322836713467,0.027007230855008234,0.02918223129877111,0.04982452590091535,0.0815905132361637,0.028861274491808767,0.033287271269197526,0.08077810843110074,0.2577185332156399,0.7515828555061828,0.17673225001851534,0.20023320123551944,0.29752367734050467,0.0,0.10311430182431976,0.04050367520170015,0.41125497503833824,0.011418654772400776,0.010039996933889007,0.011186248577732573,0.06254563458307676,0.0360147587825042,0.14531890187792157,0.028018628239062197,0.10980295460939979,0.1269147657509083,0.097858731192701,0.6711308389689405,0.16971484424764258,0.02263624765497468,0.20870394470640713,0.04673744150858558,0.0061914907328658765,0.006023764877616136,0.045759872147980975,0.030276942155126017,0.6590107075650994,0.04341442442909095,0.04513136943261635,0.11968136731591322,0.036226136056351055,0.05391847726884156,0.10319348725665875,0.035870583019077064,0.22064177709698163,0.07444733897173805,0.10919083007991211,0.033514264437620914,0.026413990943684684,0.024980047989967884,0.011757992833080664,0.06462927583882774,0.09835543248184639
Diesel (volumen-ventas int),0.018212454529918192,0.01928994725397998,0.02778533080783697,0.0639055982182519,0.009406073188465489,0.048091699727733,0.01541418567686785,0.009287917257045334,0.8333201721112717,0.16474512683405104,0.4075392882839937,0.40862980112320074,0.07438052538140547,0.15551545070109943,0.0,0.05567851257897063,0.1155502253447857,0.0883594762782421,0.016182159122339435,0.01546302956830429,0.10116127351024856,0.039124726528980365,0.08730101640417474,0.019335043572303645,0.07651339555346201,0.09651228097466062,0.10908456091083817,0.057828914741172154,0.4203190876307761,0.1661081077980729,0.2212180039068122,0.30294914101508086,0.014305258822767014,0.010754477250237392,0.10539400577874063,0.03563876244161033,0.8571080727239823,0.17803867698624387,0.02509226355166643,0.42294175688722896,0.08065756304783224,0.046229517265211496,0.07938160448086086,0.022320321420765593,0.39738307793409666,0.35746678656784325,0.01965316769496662,0.009096724666666282,0.009567763910066475,0.01682125691995577,0.02233339101736099,0.0578189816484633,0.3279819515633044
Combustóleo (volumen-ventas int),0.01991616826764747,0.01890564643212047,0.011991877601697988,0.05642208696194227,0.03425673517100166,0.044001648852696126,0.02664033411617654,0.02482425220049177,0.03587853335563648,0.5830158061272368,0.007339662558094395,0.008054618749954954,0.053407536357930656,0.015000671133572892,0.03175251969456945,0.0,0.13356993614964996,0.040304815132603346,0.017170599677495693,0.014445127561184027,0.10508229911829398,0.06773783435998595,0.0055861015976357686,0.035140741647286665,0.0063175088744202405,0.006693150507059706,0.019987945166204567,0.009898487652171191,0.019508501129515514,1.0,0.06349006647749257,0.03738819263209146,0.007018602255030392,0.006041321307351874,0.037620390649156336,0.017154468804430535,0.06335927505242087,0.0682077652491202,0.0513928479108362,0.03168581928208704,0.12835400056515128,0.02859748699126292,0.05787956835340811,0.06693679382113761,0.02448768251771099,0.08288764865860555,0.03485390075493694,0.0052474805303224775,0.004370633433347947,0.020643767130258183,0.01881056415344125,0.012850747446940593,0.048777443382383566
Otros (4) (volumen-ventas int),0.034888096819466786,0.013308036217075634,0.01841108456725434,0.11307079484930567,0.02260175975345945,0.04379537712858965,0.016390188806105377,0.024540953343053073,0.008356679691871533,0.10014579487165355,0.008875378293764601,0.005208606654746322,0.07909407557126531,0.02023913779159936,0.014649022856202407,0.02909474696221289,0.0,0.04448553709498611,0.016747339384120416,0.020948034636760128,0.08585886995271465,0.03799146468824844,0.003394737796269697,0.02967426655933935,0.004875400171750506,0.004876074401795237,0.04085744141415008,0.011276116032181701,0.007621119163839103,0.02026001100127445,0.16746631718455335,0.08494332355715539,0.03814721408822341,0.04206734685698659,0.05296927064486643,0.05063642213719499,0.13628285271981092,0.07018252440314869,0.02135515951808554,0.03663543986498197,0.03378467698324503,0.04421359133269743,0.09806967006646378,0.02463463886069819,0.015260957088638172,0.0740055398290629,0.0293910383439861,0.004656820032076593,0.005255040989297024,0.0157968571720676,0.02139665886199149,0.0077016727857849784,0.06435220362604036
Gas natural (Mmpcd) (volumen-ventas int),0.08675242209121183,0.035038945032483025,0.2452962157286661,0.04185025409188806,0.016145151766880982,0.26911309567655345,0.2254911171556425,0.020984938170047755,0.06529126762286272,0.11011195396077336,0.11550018043897149,0.2228472940225344,0.06835277098669353,0.012274434136183536,0.03565751426901993,0.0977283144279254,0.20852563550393674,0.0,0.25540513222414685,0.17440680637593398,0.27532173567749624,0.32983043578391535,0.0082465084835133,0.10303456729521504,0.007431293521180756,0.008186946546548671,0.06820345338623562,0.10136048031525804,0.02476556410770775,0.23516916121868217,0.04052585907181012,0.09130818570730835,0.02881732161919377,0.05543151227077953,0.038350099214435364,0.048257047556398036,0.20465008872211757,0.21729239432542857,0.054994048690475014,0.22886515587022171,0.9678316349837194,0.3932754778468588,0.049545118178925956,0.027251997964857468,0.011970052899685066,0.15523404095987406,0.29680675099553794,0.006985228932236624,0.007837998717461088,0.04192574829518592,0.055075980204078986,0.012511318815060462,0.39920379803431255
Petroquímicos (Mt) (volumen-ventas int),0.026608604582208244,0.01637255685154882,0.1851976059562228,0.05405008275219374,0.014001766725489034,1.0,0.08495483431656192,0.016554770417938278,0.03948929788443852,0.2007091327452924,0.09526757210396952,0.13578706909573615,0.09224324106292422,0.010444438873729898,0.01793990194848199,0.048454650499387596,0.17992967069707952,0.8036905302952074,0.0,1.0,0.7189861625631564,0.6813001261136112,0.0020423184684726634,0.018406909046343886,0.0036890077580804715,0.002966437835487087,0.04979338480047196,0.01962083359629755,0.0037622624643994587,0.09884149242660274,0.05520458393640309,0.03494015299893434,0.16379549832803925,0.25078017894153665,0.03410585239434003,0.016822904519132598,0.10195039139823403,0.28023077605235425,0.07626943016350379,0.2589849623596185,0.30456534537663216,1.0,0.05412642983106571,0.029486081256622783,0.008921062921498031,0.03293371108248669,0.025661484073414422,0.00479193343408884,0.004499669193578904,0.011633849619200906,0.014528505008544334,0.011942799387725972,0.02906431579668345
Complejos Petroquímicos (5) (volumen-ventas int),0.02379697325743081,0.013026357173330255,0.05505606111474391,0.053528827628910536,0.00988603702588057,0.38314732174837934,0.04269408459902637,0.010944601045433365,0.02099793096932005,0.3275147614089747,0.04464042309009944,0.04236766239588053,0.06847632069381625,0.00914386999229438,0.014829934979021936,0.04272172909096785,0.3107893830416612,0.48804654444698375,1.0,0.0,0.12173978475424262,0.0990372781083244,0.0022951619945265913,0.012910398214321554,0.0038695851283602517,0.00328055057078609,0.04620433183092179,0.023460966066512663,0.0037661854450574085,0.060455596144114276,0.06433641112906885,0.03121598318136594,0.1394965942836375,0.24263199653750325,0.025043620303115015,0.02070605910600678,0.12421122499196555,0.28014746354225994,0.05664219782973812,0.24507809075003562,0.26117787453835417,0.67831043292696,0.05774205643820027,0.021869870570264124,0.010437368319527868,0.04527629005991583,0.02960433483348068,0.003588065678101232,0.0032667824450881835,0.014192896322542722,0.010291607177030693,0.01066590303282236,0.024733868196287968
Sistema Nacional de Refinación (volumen-ventas int),0.01438137945418541,0.01668590107259409,0.05121578927845537,0.03081870599378132,0.011156542958235477,0.1998755579032585,0.025135740493012235,0.011784753967136043,0.007817894764771618,0.11651324337245829,0.014478403246926407,0.015717280575516565,0.04978690563164941,0.006980597898461884,0.00856388645378752,0.05223574674333522,0.12073948450019588,0.07357987779758952,0.06772558780161454,0.022889352516819107,0.0,0.14593349640858955,0.0026285987350265516,0.020196681373443808,0.004537934031180708,0.003832411562303471,0.034238089651838916,0.015505135765920488,0.0031644876622508853,0.028555705460486108,0.0595457365397203,0.05334117717514044,0.01796250169704447,0.00987147884600769,0.2684365190529317,0.026683815871735878,0.12094241344588524,0.39470636760265837,0.039466809391633884,0.03517734628573056,0.2608051661994508,0.056940652928543986,0.059027980685413005,0.035153904612689246,0.012147918093866603,0.11550369636423834,0.2528409978441009,0.01754233950155361,0.021034933059223555,0.0211852507975427,0.017032288564280504,0.02067680711804396,0.051960078026973194
Complejos Procesadores de Gas (6) (volumen-ventas int),0.0190972944316502,0.010372249029765005,0.4956211261612101,0.04867831111560354,0.01881401428383964,0.9980938351912693,0.2564259950255555,0.026820090044618602,0.016866797365290835,0.07439516346875232,0.0532073744494031,0.1418621314410593,0.8943110637042979,0.022180347899983997,0.010416779754023265,0.055039396025549844,0.1330734026390657,0.3355608355497178,0.22601883132929843,0.0444738950527653,0.4680732220765864,0.0,0.0037050870028253087,0.01946146521280622,0.004671414211720463,0.0060038183295265495,0.25754728201385646,0.039728183267413515,0.004446409757425692,0.042528561451285335,0.05669754197326705,0.04783605456209432,0.03183292687706372,0.029113286707289496,0.06344564948034874,0.03006320848052433,0.12356767285826363,0.10740085976210854,0.06771382763681742,0.21455677366078774,0.11026406281632335,0.3657007282140609,0.0560848725572913,0.10475735695239158,0.009033113006387124,0.056396182901763944,0.03243918332959066,0.006983328393432498,0.008015491339229288,0.012553053972830136,0.024099658270055276,0.014490914098973576,0.106293824113847
Petrolíferos y gas licuado (MM$),0.008059175450793842,0.02858324982728526,0.010255753615874634,0.024767128931830334,0.013080000217558539,0.03116735916495351,0.017930412267056176,0.01022420061899182,0.07358608960957694,0.14087277589234778,0.052343250835097235,0.06903948527599779,0.21644162519142607,0.34653275780700205,0.11632133209289774,0.033689995620349245,0.08211875305327324,0.022049265044732914,0.0052110509439108835,0.005814442795466117,0.07202685834007279,0.023232480472831083,0.0,0.01871520108271358,0.9973887098101385,0.7819949855563251,0.2835153288363685,0.6572964007377312,1.0,0.07507953836922979,0.9773728988794985,0.07657614490085114,0.010481407886413626,0.011192473287584445,0.03725716284362449,0.09254444352747186,0.2875433328442873,0.036267038398129864,0.022508057482494945,0.03948881138057364,0.060620555909243305,0.04233244693106583,0.3463590345945243,0.061442937785304276,0.5302647849273733,0.04895407515004613,0.029375991522400627,0.13406248815633445,0.14078117440758672,0.14820517674376227,0.02295304438355246,0.37033184943412645,0.156667778253459
Gas licuado (3) (MM$),0.006438044256034513,0.0206037583172626,0.024173404835786436,0.12022313317568728,0.01373969380053476,0.044362785706330614,0.04076202686534143,0.011662846929548417,0.011683530405808586,0.7751623460948379,0.007621361144896019,0.004672896285897311,0.13324935156575693,0.029166575881958826,0.026536482464087317,0.022486088031118852,0.21180059238944282,0.09458003337337191,0.012755598789744915,0.010765515195739457,0.11741869171417074,0.07497542070983508,0.020800404001865475,0.0,0.023912150374339705,0.01733045657708109,0.12689733490541008,0.04082883520218591,0.03589990207793762,0.021469758773819316,0.06006710481089562,0.1317583586756934,0.04384296312708618,0.023781654754237963,0.4048886941399469,0.5934796373513608,0.0991751221939401,0.04880122819580738,0.024943438007651125,0.027030331382832083,0.020968870803125084,0.02858049715652925,0.11325588991632132,0.08076105902728545,0.025109040693107265,0.0680171316357041,0.028889384765101396,0.0458936369096274,0.05498354300425924,0.1683084901288133,1.0,0.023830501340509045,0.5312411183357482
Gasolinas automotrices (MM$),0.006543919573454536,0.019316314082153823,0.008592057047861137,0.024222310212520675,0.011623218000427546,0.028296674941837158,0.018374241785219233,0.008323843850730449,0.04192259071740971,0.17987586693947977,0.037675181411747624,0.045703745109737716,0.1756360601988465,0.1602966740083558,0.05686397851386145,0.024091447825230178,0.08696901551669467,0.01687635098472125,0.0061844042762033286,0.00761286508496041,0.07615956562624189,0.026628386419140206,1.0,0.015851578921751038,0.0,1.0,0.32641089174960564,0.30176422301727757,0.4438413894913494,0.0601676159179521,1.0,0.07902552248931158,0.009537417432507514,0.009134069663798584,0.03384552043316322,0.1080528553913899,0.19987685483211942,0.051550633780518516,0.019489125553489077,0.02926836238189972,0.04827421050092742,0.06293682089979781,0.37107544242478807,0.08012405615438138,0.3154815145506546,0.07197023033881118,0.02543600934874095,0.12976767545400517,0.14774450990493,0.11644722779071365,0.01691966678537471,0.3806360341240792,0.11490972977686292
Pemex Magna (MM$),0.027132767016531154,0.06863383468280287,0.01004697649634222,0.03676165840698339,0.008943337932204726,0.029461433258561483,0.020480545551101195,0.006612136972271896,0.05955614301065779,0.19581862858047996,0.05500642402509911,0.07217134987836,0.28625252346532626,0.3637640905066106,0.08103894272138135,0.036687625179717916,0.1089403646741179,0.0252170352430402,0.006733349540765526,0.007541642051172405,0.07523912415682318,0.0348565723358168,0.782578426237347,0.013780858014241138,1.0,0.0,0.18554019830016885,0.4608375251798981,0.41431327735243945,0.0634790514348636,0.681840757459611,0.10110156524520675,0.01796336948940729,0.016211501383289455,0.036614714467718065,0.09606921929068042,0.2224128462276143,0.04912934672961583,0.018051978780072333,0.04801554002490539,0.07034130845072217,0.06653245956682717,0.6220545139732784,0.046664864104450914,0.46199224444677894,0.0922525743434438,0.02537744513345425,0.10391748086977788,0.11313887623629455,0.08878043016735467,0.010377253365218274,0.26598850248625194,0.1606183613244577
Pemex Premium (MM$),0.033596749053010494,0.025838357684584926,0.2328550918698343,0.23750857597251207,0.17276606089124225,0.11202061177314598,0.13385516607165965,0.15408880913070377,0.01811045884672471,0.14949653627307363,0.029020542188201454,0.019674752559474006,0.5095991648773711,0.024809909534837863,0.01628714295232929,0.012589291339488804,0.19926570039873065,0.06038893145458322,0.022512716531718064,0.017805465424610048,0.136816602906267,0.16024313639581328,0.07034384586595317,0.05830964576970949,0.08333673848935705,0.04423814986670433,0.0,0.12033675632976383,0.037718199050776384,0.016354650777453992,0.2045685792601099,0.01929358148531309,0.006654435745219615,0.013261606714006573,0.034307834136102215,0.13906362476554707,0.11743351220494444,0.193715397424756,0.15724622443966468,0.036104186509707474,0.08805909075143513,0.2010956802401194,0.18164790691053256,0.3940421990185493,0.06414828793250155,0.018161086010496052,0.08221672323134238,0.09135245291539595,0.08947535940452726,0.10829896619319146,0.09667471727463661,0.15977204790587976,0.03799257493035451
Turbosina (MM$),0.010738816645032359,0.014535197094570679,0.05775155032499667,0.02919150415764663,0.043973929124283634,0.046826050293664885,0.06910742085946146,0.0709227092563703,0.11622463500358093,0.3178566765545191,0.08695161548169406,0.11383203680406898,0.2818478535929897,1.0,0.046351317114340596,0.02303542126833151,0.19023557785369252,0.043064228292235246,0.010354177748111435,0.014413393931466185,0.11452799340565958,0.035857005445049134,0.4307230227729453,0.03267046018746115,0.3134636494656548,0.27391594379276674,0.6071873493488129,0.0,0.5165901761108849,0.022998614583880625,0.4966325649974461,0.0571419867514229,0.008744123553726588,0.008204990095370993,0.03867223932742545,0.05188283119786819,0.4722514372354877,0.1174168599904062,0.05565399845410378,0.056411797797521424,0.5084555267864541,0.05858666848538689,0.17320082093322925,0.1922529436628286,0.24309366262845877,0.07176153011414767,0.2688779504727887,0.10645082891917453,0.08865830576777839,0.10757255324449747,0.016209550091347297,0.39306755626558876,0.2512695248935759
Diesel (MM$),0.014632286202863871,0.04529773296955593,0.014142207349681885,0.0347237611004783,0.010319703187047146,0.0379048699565508,0.015953299177841048,0.008719523933269734,0.3188562170717908,0.187517118577229,0.2125756401451792,0.19804437950214276,0.24623329328964827,0.48013593143139405,0.7818814250183903,0.03547880414825022,0.07858776487075622,0.024224163250390472,0.005858758562270906,0.006336684787968592,0.07643540917795875,0.02323390036283729,0.8175562983719982,0.015587154554962563,0.46889665004229414,0.4511863277494879,0.16978144566647052,1.0,0.0,0.094310988631331,0.6506145500532582,0.07016248075260927,0.008528089111451597,0.008650969620238248,0.03677754006696267,0.04956923928840463,0.5232357388029841,0.07729046517252981,0.02103027221716284,0.09831329320955026,0.06956044696006308,0.037200717421063983,0.29372197220273355,0.031006391163480862,1.0,0.06405017642201814,0.046890508204639886,0.06468107650565852,0.06565144589318724,0.058065288346024715,0.01416193814860207,0.27795750709521383,0.2355885506078794
Combustóleo  (MM$),0.007824307098517379,0.007773927671665488,0.013291600749360151,0.02564630265439477,0.014071399575379265,0.07174242507648819,0.01950783247962524,0.010215431414736098,0.14601083071258697,0.3715822810859393,0.02618788022512798,0.02115228637960824,0.2637504030289199,0.02041460249884311,0.0797836245926355,1.0,0.07244822981123696,0.08043455087586293,0.01742189396451065,0.01489444120621067,0.134758568939283,0.044116411850445396,0.02573231836239158,0.024241784423953736,0.02704928860979908,0.02863788726566074,0.02756424130825444,0.02249571339381962,0.027655480830032185,0.0,0.09457082018839699,0.03734741280339566,0.005833718552436235,0.005366359776447648,0.0425330068822313,0.03638128648897945,0.1841263765284652,0.08532021064661657,0.045175386945256094,0.06114874743258926,0.09553242025787904,0.05241864946533088,0.10432609531665696,0.031444923801393576,0.03681348340642294,0.04325358105986061,0.03443592123347832,0.020508073407402752,0.010376949385353258,0.06417051218904847,0.011873993175932556,0.019149843787301713,0.06788404269688919
Otros (4)  (MM$),0.01007229613731056,0.01705867876985398,0.015034315043641349,0.028895097049377722,0.03494641821501542,0.037845954689906966,0.025946553755433834,0.029214951616907556,0.07750929957338411,0.1673850430828186,0.049675870218755434,0.04158494737935904,0.1800486230649851,0.06712989831065934,0.0690385590876136,0.023649622054142245,0.3542801007944686,0.01939476470042873,0.006254139792477621,0.007967854113553628,0.107717415373912,0.05317345122396762,0.20585908777310394,0.010117476612330183,0.25771099031515143,0.13226655770067994,0.21452069911143423,0.13770987514260985,0.11130576225226932,0.0472812653088249,0.0,0.024753560284574726,0.0033069975993567603,0.0037378793894091876,0.03865697920032352,0.05401024601566464,0.362262039316917,0.038606543848332765,0.0439252761956533,0.05264681955157529,0.03555464760136157,0.0787736666580182,0.06012996858789428,0.06688733111543123,0.09888729555730791,0.03462985301872754,0.056865817361711896,0.02224520712007932,0.02342518465712079,0.03440038116973661,0.012540354061153534,0.12738855649062036,0.04391174781534656
Gas natural  (MM$),0.028610716007374165,0.030068934426154395,0.008778615802195543,0.08607421349121892,0.01619172225038111,0.036547382248666084,0.01647183232130454,0.017341360833463798,0.008652074593964004,0.11989756871901926,0.01532366368803231,0.010817023744721443,0.09769825133919129,0.015151040346724248,0.060980784301351745,0.01946605328774864,0.723587396961414,0.07217491844850304,0.02354503562922972,0.017526179715269815,0.19047781061129854,0.04154585255304443,0.014741101675872366,0.22084090625893452,0.0165460994450767,0.023700096220439882,0.06882242310217528,0.019685200123281763,0.01781389276862822,0.01287519478666814,0.03549462070714833,0.0,0.355049598785629,0.1933977371366961,0.5060619247998285,0.12398763324940648,0.10381199529371753,0.14800931364180472,0.06895255305028401,0.06333618771050373,0.07681273391258568,0.03580261132094284,0.2827904353898155,0.0508038717505385,0.05722444592009271,1.0,0.03002423422444011,0.012656600480749939,0.012356050364382287,0.03158774205274905,0.08719460272353746,0.05801811483546413,1.0
Petroquímicos  (MM$),0.017613415107656318,0.016478972149580325,0.028210329575632055,0.07703692347076821,0.02113040763107299,0.10571347414270642,0.019293289714300058,0.01138103500422695,0.017361411752982957,0.19793966353215445,0.013963232046851279,0.017701055750951353,0.3798683295294181,0.02308291679767061,0.01759515763067343,0.050250634973655,1.0,0.1411984331118157,0.24063178823125667,0.19349379260707683,0.2121238290118216,0.08223009018288345,0.004829047602521487,0.10282565610484212,0.007052378580223272,0.012020624409999021,0.032932325569647175,0.020139119805459446,0.007708969307502586,0.03242192894561271,0.03148855881415992,0.43006644826128065,0.0,1.0,0.4138426625454818,0.053850301696539545,0.09581742398106247,0.7209048063729061,0.021788024356645157,0.0746819950750756,0.07515618545243763,0.1839821663010354,0.2651562081899599,0.019221848724804758,0.0137641008326036,0.2707204797576573,0.04648237710713087,0.011279102206033264,0.00866068828351086,0.020625158862463813,0.03092313776267359,0.021068761828714408,0.23483278073706332
Complejos Petroquímicos (5)  (MM$),0.024252985674783754,0.016994711231062685,0.03158449156697226,0.13352623620652868,0.021428468563919095,0.11094075003695571,0.021225698620004875,0.012139462795464311,0.012573161289636968,0.29229835769813617,0.011728907110764505,0.014206665121380434,0.32238457839438023,0.0155008196391585,0.01461082423166813,0.04314336962833203,0.9625716617963664,0.15741843635926997,0.37109715286224826,0.3115924224249646,0.14112470243378475,0.0658658410270076,0.00494341421805963,0.04662896447756669,0.005740343178935822,0.014138338738177575,0.05164469306654752,0.01969684846647091,0.006535679926213434,0.04114207550969604,0.03310510480929473,0.300454635137402,1.0,0.0,0.10012795754639478,0.029452049653253747,0.07983759570050138,0.7619326544177761,0.024064071445460137,0.10584063603564332,0.08837205127350109,0.5039713843797381,0.1431061901005356,0.018537932124466753,0.014520869086933735,0.19282551586743646,0.05410459841647397,0.005971608974774212,0.004695579455121287,0.015035136397386763,0.013388546688991032,0.01507927093476929,0.17754774008197538
Sistema Nacional de Refinación  (MM$),0.013312325852671083,0.020837912445099853,0.010543144680032148,0.17569712601253162,0.011587560931497456,0.05233228751272896,0.01332893087736916,0.008888434869096995,0.017858040316510972,0.09860838648661677,0.01034597071630812,0.008577673329895669,0.06953688730524822,0.027617633873448396,0.03324488775088682,0.038745944225738224,0.22215300244610528,0.03715146251055634,0.01978450687314991,0.013772527462114251,1.0,0.061161888008403546,0.010557398666032874,0.1598210422301689,0.016910323330436947,0.011995264029896983,0.05666651969351859,0.018062490800474697,0.009721938075781766,0.0253456926869549,0.06368139403517681,0.12678347113070718,0.12870241497393595,0.021769656891806797,0.0,0.3364965569049985,0.13173219208558054,0.6058823271433695,0.024420826255462026,0.024691629442938887,0.05957875414649464,0.032004319304742096,0.14542942173956783,0.07529265906719085,0.02153996670600367,0.2639192324115726,0.05667435378211434,0.03460515846875264,0.03630347039763866,0.08993313859135732,0.16656231370609764,0.024930700701025005,0.06486475544940269
Complejos Procesadores de Gas (6)  (MM$),0.01317781532240186,0.032091190229613126,0.011949653066365943,0.23669159858401675,0.011672994397968385,0.031509656603139806,0.017257921710102278,0.008960855142417753,0.012778831025760547,0.28214942389221204,0.014049606010600022,0.012062249220981223,0.1024870177581156,0.026027249088505042,0.015193972910741106,0.02055757096620163,0.11749144168516616,0.014617775188751696,0.007436544983474949,0.008271623203968185,0.1129947994286037,0.08043955570704205,0.04025435406221109,0.2826035074426948,0.04175058229323818,0.030141970523842182,0.17715810286528716,0.03299705272474114,0.024211258359317266,0.04383598145265489,0.10355160889677348,0.05423132932914369,0.017219501471948707,0.007733574090106366,0.4608828460730605,0.0,0.30078841635851405,0.046094855411685697,0.018038938299325045,0.025801265984773072,0.03249450293769331,0.08182819007588349,0.12836912976916973,0.09933494208441816,0.03838418717042106,0.06399299434345748,0.07353396919299122,0.08491544486647629,0.07885472588169096,0.25174849625298107,0.46390669473883894,0.06583716678964775,0.1974372522598445
Exportación neta de hidrocarburos líquidos (volumen),0.014966101611955076,0.020803902419409416,0.037085504259088235,0.059073917034122965,0.01691440352330203,0.0276623135206286,0.022565394110951036,0.015238044084312398,0.07346609186664298,0.13282725739780038,0.07282112937339444,0.03285685436727927,0.1208137084760808,0.07825357086406658,0.09054554414569678,0.01833905083431901,0.15851628203664342,0.029857138259083746,0.008665115191313333,0.011410682248181902,0.08837604970021258,0.047418356030132454,0.019748474607615266,0.012162179276112899,0.01917795259500303,0.013843917141745267,0.1876463384718051,0.059186137157106425,0.04295597464413133,0.03328683415657568,0.11136717687845084,0.08083824616974845,0.0043204467543040736,0.005086081823494376,0.042707470853086335,0.06112093325682008,0.0,0.5742625694984873,0.034555754483279646,0.17638607201073414,0.023210778225715326,0.10849928044582986,0.15289963409550705,0.01587679801040785,0.05718127226540609,0.1003878710016637,0.03477789885594871,0.006919230567828342,0.006186354267701028,0.017155677337277686,0.01704718046711414,0.032490961717083336,0.15100933289693882
Exportación de petróleo crudo (volumen),0.059926322169429315,0.025986815115858496,0.07125151707227009,0.4227654826979977,0.17103078661131524,0.037920946273356175,0.10276793738740327,0.09990087479216568,0.006822223942591832,0.11935034706328218,0.007455559378494687,0.007810478878214529,0.21766985006518702,0.01822094330170595,0.008020839710332569,0.02369261068694477,0.37426974193916346,0.02582995852087682,0.02305508596411222,0.019765415331842694,0.13285802040370467,0.05801701249502654,0.0035203314300018213,0.023651661070769894,0.004469587186005828,0.0037441526909412024,0.1546725565902726,0.021778524102171612,0.004582790106745041,0.029519994087142076,0.054875848803283674,0.015828062323949777,0.007517229483539475,0.008415480372955388,0.06756387274821667,0.025652870593774385,0.620419432417155,0.0,0.1537452991834688,0.08652946356335098,0.033610702741857075,0.15724044181274718,0.4231301048852273,0.0684323951391293,0.01801435827810409,0.02036311612359726,0.08544549250781247,0.005112931668647525,0.005022529677060369,0.012263660312460465,0.015667557086892037,0.010085716507284934,0.028223561124817536
Exportaciones Petrolíferos y gas licuado (volumen),0.005782594960462553,0.014068586554263999,0.025887415287106145,0.04765211186856135,0.17902510416308764,0.13239221334631043,0.021316840155397386,0.2340224382675467,0.005747386572340859,0.10072373049093575,0.010066872107074236,0.019769496711478287,0.055521179508704596,0.011588069350297242,0.006690973046245541,0.0440051713050806,0.07594228795806854,0.09783819404656778,0.038364023518572654,0.02734876556799968,0.19245116735536316,0.06319750027946668,0.002714756734308999,0.02104185275279114,0.005592646029963287,0.0037432408450478742,0.1592944532979754,0.011811423827537994,0.005582232796950639,0.054676907772217884,0.1070125199568963,0.01854354424808028,0.0066808279845966545,0.0085215409657154,0.03442991383584986,0.016907333188790678,0.12047813675771377,0.0853422838340702,0.0,0.0896676634253776,0.10453356335372754,0.13444000872821343,0.05131727898508155,1.0,0.00897960180126935,0.020628688404040415,0.06326179636640977,0.004961383468579282,0.0039749068427603505,0.016191951218521922,0.024297175883019273,0.03324158182201094,0.02494982227190724
Importaciones Petrolíferos y gas licuado (volumen),0.026615410172527703,0.016283180540026802,0.08052728437516389,0.08567444285140798,0.03141336418478934,0.1475739635613354,0.047590657483076414,0.025690107191675363,0.20320980968055094,0.34570964578084473,0.19888479997300496,0.3015577713808209,0.13164953314176778,0.04660531418058104,0.1980578507381829,0.04079010239024983,0.16544600226822664,0.30565285399211284,0.10251806949466778,0.12947294689458447,0.10240509248845553,0.1659194915307243,0.008407600676058509,0.015482583418183158,0.007591535642690732,0.011449105987744271,0.05705980573442974,0.026845976628103688,0.028936794513109945,0.07894689947803714,0.0854735624031373,0.15842870398555148,0.019104419759051302,0.04286192537168242,0.027127582203591585,0.02801880932799755,0.4330988281263872,1.0,0.049685296487236075,0.0,0.14032058279824183,0.43650935828941245,0.19204881199231602,0.025431261232759544,0.5427181911778707,0.19138327157537557,0.024646184821565296,0.00500062630895413,0.004872400207905205,0.010569962192452464,0.029888401505708706,0.02769472998081036,0.3170053726919493
Exportación neta de gas natural (MMpcd) (volumen),0.10189656790491011,0.09098504088028972,0.0666099307701829,0.09187831005245305,0.021423132080164227,0.09202343406915967,0.038732060712430516,0.024636884888774562,0.04442142157022388,0.2533161582768887,0.0478120536098419,0.04257935857182304,0.09517212571685864,0.017301076064277127,0.015046837843373429,0.29478849399934626,0.1498642390108306,0.8317984937272013,0.10228278129839276,0.08577260367059533,0.6617285785474915,0.08102805716541545,0.010690617301541411,0.018976455301239994,0.012777637333786696,0.008502938440742106,0.09114511146047685,0.1922813446960211,0.03180207083140414,0.1812627111651994,0.05374712773235027,0.058474396898970125,0.018967169074774297,0.021607179827069212,0.1328379129586036,0.03712846591942668,0.17611047513772166,0.09636464629324568,0.07265589492097554,0.05859974758593988,0.0,0.13595632742383776,0.09358974612585579,0.11173130383735444,0.03354586551045769,0.18924100209165567,1.0,0.03508650060092948,0.03818469837069682,0.0672368075060518,0.012002687012410815,0.5275824566848245,0.04010359867087194
Importaciones Petroquímicos (Mt) (volumen),0.04675226776017378,0.02419987328631671,0.05233553902383935,0.6890426923346489,0.026742826481952763,0.09957899957887674,0.037404831937323246,0.025093873978290368,0.010312277870802819,0.756399914194212,0.019001281887045515,0.02697517171778953,0.32007074383226264,0.010583926909487612,0.01084225188232234,0.020277902169167042,0.2571541440140679,0.10022724301663795,0.10483441808089168,0.11641829623770587,0.09870955646020654,0.17896279809531768,0.0075382614937857025,0.014976546566476255,0.012646062769247006,0.010628437619404015,0.31887717322878434,0.01421115812307417,0.0063887850163446,0.0307926687383537,0.05941339789329753,0.03354238945239638,0.04267253085810376,0.11600289383075187,0.032426085334921396,0.04846847181059877,0.2162848897556339,0.7934928819031726,0.03288495975823017,0.12737748115964384,0.04141937217978002,0.0,0.17845608350872813,0.03896207266096249,0.026669598151207674,0.031713951603579184,0.2929433869210706,0.005491036049105,0.0047026065467841984,0.012918889217049145,0.0219496527841633,0.018247922583417498,0.034478256626967727
Exportación de petróleo crudo (MMUS$),0.07529991383367139,0.1819710033122424,0.02278021781513664,0.05416688093223126,0.03289843509010364,0.03525718750672231,0.018211988299456944,0.021839311900274584,0.011081717761685065,0.3603712891175669,0.01022368444953134,0.011196845165974923,0.5546421669710996,0.04002868892974505,0.01157385273085709,0.04629217815650066,0.21008686611913535,0.036931208757749634,0.009388613422301746,0.009793640497197846,0.10795373088799803,0.04224137194067411,0.05657462557374004,0.031221964892423924,0.06841376039351245,0.05945257918081801,0.1420498366792589,0.047442299969127626,0.04031428731722718,0.047646977931424396,0.0425089820238934,0.04509316442395468,0.02267563505264302,0.011291237150724108,0.10940627962951083,0.0700801046930687,0.41332003568664843,0.1659301301683607,0.025704879359517784,0.0454917016193908,0.040147234950735806,0.04499427909722721,0.0,0.038362884909087167,0.16289087236771974,0.02894935726711461,0.20634067761667738,0.11666906298037853,0.14439536374055065,0.16100053773881265,0.03137771339765745,0.14965624596112084,0.07363008274183444
Exportaciones Petrolíferos y gas licuado (MMUS$),0.008734721630812875,0.044641705576773716,0.18275304064208342,0.05841774432967276,0.27517083029899614,0.04220617651247183,0.11113388944452923,0.31350412919115417,0.008399224539250764,0.2112551422111785,0.01042330583097664,0.015230993828141958,0.10233214553279218,0.02511197094949966,0.0058018866421008656,0.027261238599953486,0.10421866798789885,0.027440721050520044,0.011598492083026334,0.009189558087388616,0.1647255816972307,0.11227781409192934,0.027416060095587932,0.16651918338487773,0.03864883482916226,0.027434677752425772,0.9672726730438548,0.0839527126718551,0.013718160682505068,0.029494930103439555,0.16213390055133334,0.018069222088707433,0.004935789687662959,0.006323728624085305,0.06885431477503136,0.1237273600747314,0.08661638323479005,0.06241736863494004,1.0,0.024529876233692956,0.34244022544206715,0.05556886415238225,0.10581211985888563,0.0,0.017584316304750467,0.02123376268081436,0.11230763676798859,0.255415094147845,0.2226375902012244,0.3271566975797701,0.34506579625389067,0.4539553677575375,0.03748817535586325
Importaciones Petrolíferos y gas licuado (MMUS$),0.0960882602960202,0.17352824113478682,0.013817401566303128,0.0784388420618168,0.01178941080877162,0.047489788734470906,0.02311661270089438,0.008531022404009098,0.21253985893187563,0.5026440886185184,0.14386373895332027,0.23894514537525502,0.35782253361976435,0.454540634281219,0.3228422480601224,0.04966948880209109,0.13042375422614633,0.02125663891659041,0.006124283983239669,0.008683724202375048,0.09507863907079328,0.030822091377193,0.2647120345801072,0.01275162307558719,0.20360120717920951,0.28097019130869205,0.08625848473368188,0.26287101165484666,0.5204274075401761,0.06721050178110718,0.2615575636555391,0.14546239687726262,0.008073197261901732,0.0076502049866996056,0.035764952981223584,0.03749491589430825,0.38601367936590164,0.17743763442560495,0.021164995728902247,0.7531420016596483,0.13118230902391756,0.06466235740082417,0.8339297649961369,0.019401538823150537,0.0,0.1519345840737311,0.058674379813954826,0.04437471316725552,0.046712344011821415,0.03800560116331037,0.017208651602357936,0.23052256955306077,0.2582542300971117
Exportación neta de gas natural (Mmpcd) (MMUS$),0.049519688778856374,0.04466018663131676,0.019402654359201292,0.25543312918080546,0.012248118444593047,0.04314158824702177,0.026620151469871248,0.012984739393276908,0.018504024967055308,0.11678490175080265,0.01917275393387907,0.011666261935606066,0.0944742098115135,0.022931694236334937,0.03144569505577612,0.03386387570958003,0.4081303648637234,0.14182591563244604,0.03229492770980831,0.02402276057926042,0.2512088157488742,0.031872176612088195,0.006612145519947083,0.12007341894392133,0.01075364421404423,0.0075679034716941975,0.10335827990124939,0.015212817830827,0.0064163602818874165,0.01879144896732071,0.03722987315927036,1.0,0.15529871364967207,0.06489678363804982,1.0,0.19596261139776638,0.1384294453432945,0.05784429267595327,0.03202627235115587,0.0477181392521562,0.3503396815756163,0.03695548356964495,0.10133763219552569,0.03427187265839414,0.01856117876365408,0.0,0.036676344507866915,0.01598272378137072,0.016431475462511915,0.04017394001169304,0.14187659853659737,0.057997652041510285,0.8047835375912317
Importaciones Petroquímicos (Mt) (MMUS$),0.09748299832348169,0.10190455455424025,0.039393354820936415,1.0,0.03320381940682606,0.052025285328708114,0.02450332294784218,0.02437370820375,0.007225454898976814,0.4579341067503491,0.008448437060320994,0.003695080573185645,0.4304844704572034,0.018239333785592077,0.0061080089500524645,0.023894893149232727,0.2785013721582512,0.14524649581062965,0.014723115562065384,0.01903680307007705,0.13289526918458752,0.06242669846331663,0.00553373096783162,0.0355699639832347,0.007748374091777304,0.006788069714586636,0.11589690871355708,0.07700579961736718,0.0136258859574129,0.027648685608702993,0.04554120530301675,0.015161238840817567,0.011893981863420597,0.021985201065378806,0.06905117475392294,0.06900804651467081,0.5139688333583139,0.17629686831436167,0.03538157847991005,0.02302907562617974,0.8501984060716163,0.43196055313247345,0.5612227358486814,0.046447581071484265,0.020467796305662585,0.02136696992777936,0.0,0.024747763159529017,0.026310988041171327,0.023800158574913164,0.0255810449279266,0.10797214039032203,0.06972188350993642
Petróleo crudo (8) (US$/b),0.0159511396009131,0.11012255950463874,0.05019496300415513,0.041648559296756274,0.030067674386915808,0.040915390437300476,0.0681122654534276,0.038698545562142105,0.014954874400111805,0.1865037686584518,0.013010931671451694,0.012640759654944144,0.18632219505738726,0.06229824253704,0.009836904418153533,0.029846627932312287,0.07574188375169202,0.02148123611151191,0.009369106056049587,0.009766812099731504,0.5189830805357996,0.09217087798991867,0.1228740233692662,0.11885244147591174,0.14793135151968237,0.10618977169274084,0.37949782097552975,0.11774551934890544,0.08604277685028358,0.058833204883436276,0.16289783896448037,0.026890533997496805,0.005429916296384462,0.005655438694853804,0.06341144443291034,0.21713272851380633,0.07061310512187843,0.053167280163318426,0.04518591187142535,0.026996014866713228,0.17743257875643,0.02596757011567876,0.7974038111275864,0.4542753598977005,0.10875942009453184,0.023753190647981287,0.17492685378161862,0.0,1.0,0.9911916301642778,0.177869788908159,1.0,0.12067175844046375
Maya US$/b,0.014171653425405141,0.11295178570877985,0.04154192512985048,0.043283382908765815,0.02408177103755569,0.035932154682154833,0.04929914753655851,0.025301304134234842,0.014940719868504999,0.16744475752177165,0.011521367771821826,0.011622692546290427,0.18612937527039658,0.06156925111980208,0.00953230124600905,0.029584078384674008,0.07948024487248181,0.01990730820544676,0.00806237653873693,0.009696961290161718,0.45767444282012193,0.09403575816546665,0.11953919571746151,0.11130080383780076,0.15184141573727797,0.09797526782674264,0.30428306028858515,0.10289894976553092,0.08936868533650193,0.05929055210785096,0.1257275177769591,0.025515848170666582,0.005679458694045381,0.0054697349210320245,0.06297729771608904,0.2279013088317966,0.07100376718278911,0.045374423915105135,0.03041042963888251,0.026429997593970075,0.10147475523398997,0.021751921446068162,1.0,0.3837507071144829,0.13731873823993473,0.020020646751282904,0.12470070531144879,1.0,0.0,1.0,0.19090667635721137,0.7964530449922065,0.12436868986385756
Combustóleo (alto azufre) (US$/b),0.005601384045347414,0.015142026023959984,0.039096150585282166,0.07239492260855747,0.015146834087992276,0.032284146352646294,0.04416320547021082,0.012623215353877247,0.010628277494706859,0.14674004362057416,0.009214734760992736,0.008196275341369642,0.11297636588173535,0.04454966125340498,0.010599753293975538,0.034756221462508,0.08010409976879873,0.02292119138266218,0.008604603409012621,0.008101518148643495,0.14879087515347403,0.05152573311044531,0.047428567405355095,0.07275977832805851,0.06600139219258994,0.040077460187009056,0.20508388266243918,0.056211592309739815,0.02062139338052646,0.07180685255438744,0.07010064455199853,0.018056288199254245,0.009771682612840558,0.00943316036128103,0.12389676153842569,0.26412454646387445,0.10507519995135878,0.04053922258196267,0.02943658101562072,0.02458798728585623,0.09895782752878549,0.03554915819883031,0.5340133258570975,0.3147934117051281,0.05842278961775517,0.024202439178895772,0.03123161798701029,0.4267746485459362,0.4311006003987707,0.0,0.14203418596038506,0.1407919820925688,0.039148059041739236
Gas Licuado (US$/b),0.006836216535980398,0.028657176560458162,0.042473594682063784,0.1137705246940253,0.018494476838651963,0.06644012729722566,0.05408725860885638,0.022827913687046557,0.012883159182345841,0.2336287883879929,0.00819970331388466,0.006389454530225574,0.1376951062394143,0.02194453174816519,0.016034290250814962,0.022426440986966525,0.14830370064224616,0.05276034509656901,0.011019077037095636,0.009331340644559457,0.09396839953089284,0.09636640125697174,0.019955476584492413,1.0,0.021602285436244786,0.015492222207106552,0.25820097427084515,0.018847205884899167,0.019958630698195357,0.025930830871026215,0.07117906065305794,0.10401415367775316,0.018755490912910146,0.010384983543079708,0.4289957957183086,1.0,0.10591969590758596,0.05755164577425726,0.03224369126944821,0.03067624575238104,0.013570531229289553,0.04467296787208658,0.14541011429427725,0.18455538123387683,0.02745005958094814,0.10370644646155869,0.05059606157501276,0.10823682659746081,0.10808935451139803,0.3538686007910414,0.0,0.036743154418875934,0.3106726811769339
Gasolinas (US$/b),0.03025775902948988,0.13113592268012375,0.053694029922834424,0.05413697375938653,0.06764631397357483,0.03232578399585984,0.04234060545187266,0.07991981644880869,0.03125384163085984,0.21458934115677042,0.017401266770717627,0.026113038821692074,0.24330773530680735,0.11512247564609032,0.014873219606158079,0.028528880856768357,0.07904334030418765,0.018300064258318392,0.0074309215592831155,0.00976248595435099,0.274700864844621,0.0324469691302228,0.25542425982639155,0.05654423889711921,0.32162724893891337,0.21972360657999748,0.4903442869761588,0.2513055462066899,0.1842235310465299,0.07116675478782497,0.46972481196409865,0.05029654463148381,0.00484670961959336,0.004963036875851552,0.047534672377731915,0.12885293158705516,0.14608389118924986,0.07189648639432145,0.18154938367818133,0.04018034409636726,1.0,0.061088262931602834,0.4647604594957597,0.6568392570913447,0.24180066255585023,0.048707025648732666,0.44737375144214925,0.49780970909609396,0.4246765343963191,0.3538734665028762,0.08472152832996245,0.0,0.09229858052688143
Gas natural (US$/MMBtu),0.009336394983462643,0.01572309285946336,0.01154547484076308,0.10628131378635876,0.014421923520825936,0.04177261568191838,0.03350234994408246,0.019227328787548934,0.006884401297990528,0.1615282912249626,0.005984517695702944,0.005542798322080053,0.07077334686629541,0.01882381798580748,0.01441515945197137,0.02597784686929174,0.33503923571888083,0.13498300116979214,0.02094011175764318,0.01845477955178111,0.0961924881887819,0.040918870102067295,0.035570643863938795,0.5766226482402897,0.019083850317521932,0.02298706267410283,0.07709934268615085,0.10282934126463777,0.07535970139447043,0.017529813888497864,0.03914121190033121,0.8009596369278235,0.1398232554482134,0.0832891747077583,0.3376242064176066,0.2099106360532531,0.0700396552869894,0.05766940576451365,0.037012371505849025,0.03162801328305388,0.022665815776046552,0.03049297312098989,0.19415073082866563,0.05986610391374181,0.06512081498811172,0.6450716471634592,0.0625074249574372,0.05710690183652271,0.04323454678667257,0.05385003087923251,0.2729615286172459,0.052926088262215246,0.0
