Petróleos Mexicanos,,,,,,,,,,,,,,,,,,,,,,,,,,,,,,,,,,,,,,,,,,,,,,,,,,,,,,,,,,,,,,,,,,,,,,,,,,,,,,,,,,,,,,,,,,,
Estadísticas operativas seleccionadas,,,,,,,,,,,,,,,,,,,,,,,,,,,,,,,,,,,,,,,,,,,,,,,,,,,,,,,,,,,,,,,,,,,,,,,,,,,,,,,,,,,,,,,,,,,
(miles de barriles diarios),,,,,,,,,,,,,,,,,,,,,,,,,,,,,,,,,,,,,,,,,,,,,,,,,,,,,,,,,,,,,,,,,,,,,,,,,,,,,,,,,,,,,,,,,,,
,,,,,,,,,,,,,,,,,,,,,,,,,,,,,,,,,,,,,,,,,,,,,,,,,,,,,,,,,,,,,,,,,,,,,,,,,,,,,,,,,,,,,,,,,,,
,OBSERVADO-MENSUAL,,,,,,,,,,,,,,,,,,,,,,,,,,,,,,,,,,,,,,,,,,,,,,,,,,,,,,,,,,,,,,,,,,,,,,,,,,,,,,,,,,,,,,,,,,
,,,,,,,,,,,,,,,,,,,,,,,,,,,,,,,,,,,,,,,,,,,,,,,,,,,,,,,,,,,,,,,,,,,,,,,,,,,,,,,,,,,,,,,,,,,
,Ene/2018,Feb/2018,Mar/2018,Abr/2018,May/2018,Jun/2018,Jul/2018,Ago/2018,Sep/2018,Oct/2018,Nov/2018,Dic/2018,Ene/2019,Feb/2019,Mar/2019,Abr/2019,May/2019,Jun/2019,Jul/2019,Ago/2019,Sep/2019,Oct/2019,Nov/2019,Dic/2019,Ene/2020,Feb/2020,Mar/2020,Abr/2020,May/2020,Jun/2020,Jul/2020,Ago/2020,Sep/2020,Oct/2020,Nov/2020,Dic/2020,Ene/2021,Feb/2021,Mar/2021,Abr/2021,May/2021,Jun/2021,Jul/2021,Ago/2021,Sep/2021,Oct/2021,Nov/2021,Dic/2021,Ene/2022,Feb/2022,Mar/2022,Abr/2022,May/2022,Jun/2022,Jul/2022,Ago/2022,Sep/2022,Oct/2022,Nov/2022,Dic/2022,Ene/2023,Feb/2023,Mar/2023,Abr/2023,May/2023,Jun/2023,Jul/2023,Ago/2023,Sep/2023,Oct/2023,Nov/2023,Dic/2023,Ene/2024,Feb/2024,Mar/2024,Abr/2024,May/2024,Jun/2024,Jul/2024,Ago/2024,Sep/2024,Oct/2024,Nov/2024,Dic/2024,Ene/2025,Feb/2025,Mar/2025,Abr/2025,May/2025,Jun/2025,Jul/2025
Producción,,,,,,,,,,,,,,,,,,,,,,,,,,,,,,,,,,,,,,,,,,,,,,,,,,,,,,,,,,,,,,,,,,,,,,,,,,,,,,,,,,,,,,,,,,,
        Hidrocarburos líquidos,2189.638883,2151.658765,2113.833075,2146.822741,2111.741956,2092.621869,2089.889237,2054.8371079999997,2063.77955,1988.474119,1931.029976,1927.593016,1858.841383,1942.857209,1934.442599,1915.076268,1903.837379,1909.1117640000002,1900.806497,1926.098607,1954.096923,1899.933621,1936.125303,1954.0325129999999,1974.1602800000003,1976.151021,1991.8785579999999,1954.5811689999998,1884.6972059999998,1866.8172979999997,1853.572686,1902.109795,1904.320066,1869.093017,1869.7700579999998,1895.261805,1884.9602399999999,1910.920533,1931.518188,1925.952885,1932.87812,1938.5835579999998,1944.326213,1887.667571,1926.075399,1935.3057840000004,1952.577552,1933.616658,1958.8745560000002,1925.101905,1954.90248,1922.2757589999999,1926.450797,1927.506874,1949.0969380000001,1950.183473,1949.548595,1951.365853,1957.807557,1949.610031,2040.63666,2033.253757,2046.219323,2082.283564,2080.826868,2066.2202389999998,2008.741706,2025.571363,2039.6721510000002,2023.367949,2024.850677,2010.379242,1983.22405,1974.1856149999999,1965.38944,1932.6079340000001,1927.834473,1923.267809,1928.407344,1924.4445859999998,1900.168057,1857.148719,1821.962008,1766.03207,1757.77338,1766.906675,1740.855082,1749.440339,1740.9259610000001,1747.163037,N/D
                    Petróleo crudo,1932.138755,1897.854808,1866.800446,1888.284508,1869.83852,1848.281933,1842.677456,1818.463822,1826.974557,1766.987331,1716.910926,1728.8750970000003,1641.514202,1721.767474,1709.954366,1694.374936,1682.542114,1692.131935,1696.555315,1707.656999,1730.346637,1680.752768,1721.728191,1732.24731,1748.840721,1754.622363,1771.341819,1746.743329,1676.61071,1654.733064,1647.332173,1687.866409,1697.837757,1680.210948,1688.845791,1711.492242,1712.650383,1731.804704,1758.926608,1751.265001,1755.117927,1767.527003,1772.336593,1728.773343,1782.402352,1771.125788,1771.410008,1772.710856,1783.022924,1763.607534,1777.266972,1766.812884,1775.3458239999998,1787.224614,1796.506904,1779.753338,1776.757349,1790.763817,1798.17319,1817.4460219999999,1870.246985,1869.243451,1878.209675,1904.166328,1904.42361,1898.692959,1855.239107,1878.519029,1879.248837,1863.001164,1857.245056,1846.959764,1829.318941,1819.398332,1810.523763,1784.129467,1785.295128,1781.529974,1772.174797,1769.592438,1748.997757,1717.852268,1673.3818080000003,1618.689272,1616.929748,1620.5378240000002,1607.164663,1627.346338,1635.611417,1629.144172,N/D
                    Condensados y líquidos del gas,257.500128,253.803957,247.03262900000001,258.538233,241.903436,244.339936,247.211781,236.37328599999998,236.804993,221.486788,214.11905,198.717919,217.327181,221.08973500000002,224.488233,220.701332,221.295265,216.979829,204.251182,218.44160799999997,223.750286,219.180853,214.39711200000002,221.785203,225.319559,221.52865799999998,220.536739,207.83784,208.086496,212.08423399999998,206.24051300000002,214.24338600000002,206.48230900000001,188.882069,180.924267,183.769563,172.309857,179.115829,172.59158,174.687884,177.760193,171.056555,171.98962,158.894228,143.67304699999997,164.17999600000002,181.167544,160.905802,175.851632,161.494371,177.63550800000002,155.462875,151.104973,140.28226,152.590034,170.430135,172.79124600000003,160.602036,159.634367,132.164009,170.389675,164.01030599999999,168.009648,178.11723600000002,176.403258,167.52728,153.502599,147.052334,160.423314,160.366785,167.60562099999999,163.419478,153.905109,154.78728299999997,154.865677,148.47846700000002,142.539345,141.737835,156.232547,154.852148,151.17030000000003,139.296451,148.5802,147.342798,140.843632,146.368851,133.690419,122.094001,105.314544,118.018865,N/D
        Gas natural  (MMpcd),4910.0641909999995,4852.609001,4645.570734,4868.900388,4827.468844,4840.414525,4855.875792,4897.558844,4913.11296,4895.254467000001,4776.133946,4880.600004999999,4648.323727,4869.145045,4856.64494,4816.265564,4840.677797,4842.747777,4891.880071,4938.778443,5016.628422,4970.743767,5014.952562,5024.4795380000005,5004.855107,4941.777495,4946.3341709999995,4826.709719,4459.815731,4753.708473000001,4902.355742000001,4919.639354,4926.075173,4928.144902,4768.613979,4845.7927,4848.055541,4854.306415999999,4839.141170999999,4670.981598,4730.289952,4726.737503,4724.7128410000005,4656.476412,4746.475235,4718.116237,4751.223393000001,4697.060829,4712.86373,4646.317988,4766.219689,4739.866774,4701.527941,4743.951115,4815.415043,4795.569214,4798.226799,4795.026692,4844.875543,4844.545684,4955.215198,4979.437938,5034.674229,5094.967537,5034.39186,5034.982504,4935.871383,4946.940527000001,4969.179601,4950.140051,4887.590676000001,4786.210503,4779.868326,4777.121571,4768.333264,4500.279884,4487.791093,4606.010923,4566.234141,4533.819309,4515.048031,4503.443911,4431.546205,4400.263263000001,4367.58217,4424.960548,4434.085669,4499.75917,4543.34856,4549.587287,N/D
        Petrolíferos y gas licuado (1),728.0368746924236,643.8426822114858,793.5305293203717,937.5994930179514,877.2360628244896,778.482552952374,760.9858522235829,788.1554620095783,732.8561460808684,598.0448024545658,627.869630819628,614.9567251311381,610.6633383936098,716.271665,704.4596723269154,717.7619224586967,753.7585419999999,786.0011519999999,786.0429819999999,809.0147949999999,756.3699580000001,667.2319739999999,689.820462,714.7811640000001,684.380372,575.226748,709.1330750000001,770.742698,778.654857,745.906948,571.10684,661.960809,752.1783969999999,679.926027,609.006954,755.122739,806.4898709999999,813.270517,931.2128299999999,719.157745,787.575498,730.825069,741.637241,790.230204,856.1889320000001,838.163739,844.662885,812.768824,911.022205,968.2581700000001,941.457437,997.1493649999999,932.647616,728.790392,901.14717,909.0552359999999,875.3061,934.875368,1000.578618,883.0814819999999,972.536254,894.955925964218,973.3482434188909,1030.5884921991806,903.0991633809649,872.2474289658089,907.2674217410906,891.3400504185321,826.5203543324858,683.0911934184313,844.1569943325924,959.4869199346556,1084.712294224976,1043.8501528265247,1185.2633464183236,1018.9739208115694,906.5179005479864,983.2820249322914,1070.3199278053135,1031.5373058698442,984.2089197655555,864.2145333859369,817.8186888321836,967.8986813860664,975.2093954505001,994.8550537848613,1034.7396308331408,1032.7056637414441,1014.6253032247134,1144.8228406655492,0.0
        Petroquímicos (Mt) (2),488.90161411,428.305416616,503.61959974,541.3807758600001,586.752729214,462.4202094,590.868740419,524.138680284,482.62478598,497.37994463300004,472.27458555000004,407.10066167900004,461.998300132,420.252630644,498.72741602200006,411.4423623,513.9206614430001,483.40075065,502.994781472,466.807450319,489.88919997000005,446.74975709700004,339.08179776,473.29487646,482.346755593,505.95764350900004,448.979946783,445.11851237999997,328.388793177,282.58805192,310.604052875,271.943232315,297.16311667,336.207230775,318.65841209,332.70832429800004,317.689796327,318.61189770799996,385.971960007,359.95551140000003,350.846513177,219.33991373,306.784645723,403.522392482,370.30305786,425.000483421,419.50753067,220.044563195,247.65446076700002,341.674169848,408.829460178,336.84640626000004,313.31083286,246.78218868,359.49045112500005,358.36449010900003,278.64789351999997,355.50403671199996,359.09651457,199.544344621,371.070383234,265.52157721199995,308.797306749,373.66272174,299.307577154,286.07466123000006,302.185504407,237.614983247,220.58143338,256.468808888,254.03131507,281.241454297,277.649685191,273.979441878,384.009970408,321.76103178000005,278.42534525,288.11277543,311.586294058,306.970307938,289.72533238,298.109290669,298.99055043,338.23517987400004,355.57087578100004,329.9130522,350.482987575,327.10036779,247.67215020199998,335.04604371,N/D
        Naftas (Mt),148.52300544684084,136.42725342805858,153.02669041198394,150.08446738073303,147.74883063004904,137.97491886232322,153.95023722324444,137.89499309872969,133.09403370977043,128.59302127891695,123.17075970367281,125.43225096610087,131.70139732156616,122.95687891172804,150.31195188334655,138.68041192326936,143.60692846202002,144.53420051163707,134.36730510048218,138.90792378537208,144.37653032046842,140.43400470355164,137.54835579373176,132.68136215670694,143.43774671274988,130.1597043153307,139.2064376576756,123.8235157585254,134.7936783493618,134.0106338618884,140.23702157752146,143.64585762172115,132.44039642485882,121.07290501590425,115.2728355120388,115.16570253919673,108.93473582068195,102.00869958242663,101.54737713116774,114.13420356108627,117.25365924245914,104.54084363732676,116.57566989127234,110.32061982332586,97.33040932648066,103.15876228554752,102.75611734900727,88.98762440043222,92.02282335348961,80.75065855547724,108.74383763592914,111.60814646230963,116.9013243768584,102.67286814978812,112.71260662334527,116.57725112128551,116.97334865634538,108.60216468655585,100.99175479212319,88.1650297564797,110.64443995060141,99.9783018361618,125.53182243360517,122.57903121640739,121.95884419441855,113.40988335397002,101.56827829629013,92.60931504364278,98.27007098292223,101.15294735845902,96.89872748834074,95.45951337253712,100.93289010880598,91.38623018199098,109.45461532007143,94.55442965656917,102.62776815273891,97.2706956506421,108.46890414384319,103.65279639956543,97.50051535988969,98.36626122053116,91.44506824813074,86.2951184260136,87.20732377460153,89.39086117150427,91.47852190447853,81.04283138895912,82.83760613897537,81.91754925325533,N/D
        Proceso de crudo,594.2313449999999,544.263064,651.5998030000001,766.8717750000001,684.747974,662.4781769999998,645.8794720000001,669.6077829999999,604.309382,485.47773800000004,519.061325,510.60340099999996,507.077599,601.423548,571.9175710000001,570.434134,569.931194,645.209912,657.0557,658.9059530000001,653.679612,511.35914699999995,590.076402,570.890859,557.651361,464.0181,598.696234,669.9313290000001,640.072915,584.0354050000001,520.299514,616.4863819999999,680.0972280000001,588.756657,509.261325,652.703564,702.491323,710.329353,823.5174559999999,646.821989,681.54718,667.65639,636.8949729999999,657.404733,792.956114,742.3914030000001,732.9344679999999,744.08281,799.935005,846.329314,822.689492,888.8969300000001,788.286985,711.7578219999998,820.127902,820.0092400000001,779.6639620000001,808.759159,873.3105750000001,832.356508,835.639323,802.949933,862.343263,914.836252,758.192896,806.719842,768.7323359999999,796.609393,767.9940760000001,608.242685,762.511713,822.87196,954.08504,935.254334,1061.917635,951.313226,842.216471,867.6152430000001,947.79864,906.3622,862.95442,730.7443069999999,692.331075,832.093017,891.172428,891.3561410000001,911.9155589999999,845.4703270000001,810.337345,915.364653,N/D
,,,,,,,,,,,,,,,,,,,,,,,,,,,,,,,,,,,,,,,,,,,,,,,,,,,,,,,,,,,,,,,,,,,,,,,,,,,,,,,,,,,,,,,,,,,
Ventas internas,,,,,,,,,,,,,,,,,,,,,,,,,,,,,,,,,,,,,,,,,,,,,,,,,,,,,,,,,,,,,,,,,,,,,,,,,,,,,,,,,,,,,,,,,,,
        Volumen,,,,,,,,,,,,,,,,,,,,,,,,,,,,,,,,,,,,,,,,,,,,,,,,,,,,,,,,,,,,,,,,,,,,,,,,,,,,,,,,,,,,,,,,,,,
                Petrolíferos y gas licuado,1466.7486644340638,1506.2425199019387,1549.6605189008053,1469.37017185106,1549.0786671699873,1540.5776735798802,1512.5863435024517,1507.547554339853,1444.6708102099838,1406.790971389081,1419.3968973332273,1381.410477567462,1330.5763515122371,1403.770037574348,1403.6188373376538,1402.1323312831462,1392.3613868753876,1378.7710737520179,1406.2138051294462,1388.4384191143004,1303.6745803922884,1313.4969220061819,1297.9024847248677,1346.6991844469997,1279.818002706356,1282.9499427274068,1240.6665235552553,869.2078735152764,875.2661667993972,978.6253442368404,1009.2593095172671,1001.6997825904422,1020.7847660340619,1072.2876841294678,1025.7768331793027,1117.5591000468928,1003.3984700378672,1033.9957988891965,1148.4649586350845,1088.7703904214588,1109.5141581698354,1113.1866095642297,1113.238770579941,1062.0119572886017,1050.5170358716132,1060.328807243754,1194.2335776970208,1281.2019515554987,1096.2265472204067,1174.1946368002657,1335.3739119320182,1371.576236880084,1396.3055084246478,1421.8666928745456,1410.1184407444937,1338.817929802781,1320.213210405653,1323.9315217366216,1334.8593902012797,1347.3303347047438,1272.0036920911352,1288.6545847822233,1299.2088117214332,1235.1655195355129,1281.9273645745436,1330.9217060196252,1321.051728368768,1370.7305981405098,1318.5103085652781,1315.320061641986,1352.7561945453433,1363.1791145279285,1246.168337543839,1304.4784337038975,1314.5182797927469,1319.488886252321,1383.4871526772592,1359.3565752788786,1409.896112698882,1367.1963014800879,1279.419899912954,1248.7899652578606,1286.8896213586563,1266.0746695667174,1200.1858155343648,1225.5137548411149,1284.5000786209264,1380.6171497825821,1320.8805722477443,1326.5063991628913,0.0
                        Gas licuado (3),185.63930265221845,180.5856512139656,173.56825802606733,159.2730420033109,151.89405369084992,162.4325012584101,152.75582073043887,156.3614508140346,155.38553595776082,159.8715785976544,167.38678877188516,164.17354228810515,172.94368116467547,182.29169450071439,155.33290960523897,144.57786984042033,132.14218667494035,131.78249657978813,133.6754283181543,142.61577432002045,140.03141678628188,150.01895093998368,164.43948587315793,169.7142062194955,173.7855314431188,177.8391243918791,160.32127317558312,119.77935400113003,118.13487451840592,128.74451150460328,132.5098347205337,136.720650758792,141.98748591130155,144.56134335782804,141.6900245892237,168.84422853154044,160.45169917489227,153.7093805401728,143.05428287244388,135.7466881552656,138.728037040458,145.03659162398588,146.75004901132664,149.97849889709926,156.26950068319735,145.44272145391136,170.3705468413412,179.56570051942882,163.72569236771668,171.6098661620204,156.1846307934468,137.54465852933794,146.77741245823793,144.6533893984438,155.87452744417405,157.36400163504584,160.87997732494796,167.06898170295568,168.92915338784982,182.23495539673306,170.82349631623163,159.1486908697305,164.10649329900062,151.91393139215975,152.11909764390253,155.15409177454612,161.93530471920405,160.98561328470328,159.41608001570103,169.05917131822093,186.52005834624072,203.91632376584815,185.89594640264218,194.05931759440276,167.3400990996005,153.11216896555348,142.84871521967548,149.9588944327696,153.52091621710986,160.703869090009,156.9732066933572,155.3027172641704,165.8521877541547,184.14990676866447,158.03786241033097,153.2280297077121,163.0098442530921,148.15772065658985,132.69822186821338,133.78159017415774,0.0
                        Gasolinas automotrices,764.5123491168243,776.6802213967857,804.4727531355138,758.5105043190531,800.6168601384911,792.9658117189597,750.9942731634719,765.972919992031,729.0945338954208,738.9824164858254,736.9571776511109,745.0302311069343,706.7508592675728,730.1621949929546,722.8693372198506,745.147829149193,741.0326808259315,723.8142699245985,734.6826168727632,721.3680215614993,688.0792433595028,701.0376769659708,694.2164579371079,732.9745117262536,666.6616048304866,676.6948534937951,643.8224999621181,446.66089364435163,472.8595089445834,535.0171655593317,557.21936751928,551.8204990147952,560.1595821661454,578.2275016787958,559.2126723846148,607.1081666619602,506.2699679656448,521.4946560036449,588.864818290641,566.1461287382461,569.6988864123991,575.6232819137427,575.7033936598639,549.3855044210609,551.9212987724698,572.6070922546674,631.6443257775303,684.8003956543893,565.0881800504909,607.1000842628297,693.196362471387,699.810515727097,708.9153260721164,720.9837984221444,700.3887107625329,680.513584905618,674.9116646902986,647.5695845143727,671.6518756788391,672.4759049647993,624.849864102631,641.0664168295174,646.3713723849139,619.8048793635618,644.3284985720395,667.1192890192261,657.7739690119611,669.1327565008113,659.9644237913905,650.0674516471711,668.4733579366683,687.0722587398154,630.8504191172901,653.333438557116,660.0432593620324,669.6396856577484,696.349099504833,670.5934318342134,688.87641740717,687.8337151589794,658.8020125255924,658.9110869955249,668.4876311937716,667.8374238146059,610.4336397442105,631.9319039813989,650.8250591081585,702.3058837423755,694.3438736565134,661.0915842340661,N/D
                                Pemex Magna,642.5842649574321,659.4547618016846,682.3971682553735,642.7918718707039,677.8426503930347,672.6359001639768,635.6550934931815,647.4803256119473,617.2809329657046,624.8855119074753,622.7009095599192,628.9328754579542,608.7805663808462,612.045081765508,600.1209152912809,626.3771571919817,625.9963252952132,612.6041058578452,622.0780174950065,610.6275929467046,582.4871893177465,592.2782572120346,584.374759954165,611.6894841890734,554.5897160758742,555.9344978452361,522.1684863783543,373.89261358183956,384.16574943375286,403.99715869384283,407.7836586270876,393.399859052919,395.87544687242,408.45714494626895,393.8251452127722,428.59318877655386,356.69453519603354,372.11201279261655,452.30952214056686,442.7742791099198,450.7950883724656,457.11501728261084,460.2196662333644,442.62854867998294,446.2814396556733,465.08959637777406,511.8770939526949,555.3219496300792,459.7193022790848,497.6553418607155,568.2349896477652,574.2275551626342,581.6259903295362,591.4222233146845,576.8712663815672,556.634055414574,554.2869815897717,532.4032541094739,550.8541722638937,547.8663522806667,509.42522295222597,523.5378288071498,526.714913921329,504.6059005682693,523.6550140837403,543.592682379648,538.1876636444384,546.0393875723537,539.2982440860043,529.771317233021,539.6113931996041,549.6129035889617,501.4517838885812,519.5883692348912,527.2896997239682,533.749527861978,552.0404473950225,528.4706285703544,546.5086427330368,542.6113867253754,516.2984631363366,510.96224748745175,516.0595298020281,510.121774411975,463.8827903383241,479.8190358019832,500.74726344193977,540.81893762898,533.2814873516071,508.6526559820035,N/D
                                Pemex Premium,121.92808415939228,117.22545959510107,122.07558488014033,115.7186324483493,122.77420974545649,120.3299115549829,115.33917967029042,118.49259438008382,111.81360092971629,114.09690457835006,114.2562680911917,116.09735564898001,97.97029288672665,118.11711322744655,122.74842192856971,118.77067195721119,115.0363555307183,111.21016406675336,112.60459937775671,110.74042861479468,105.59205404175636,108.75941975393624,109.84169798294286,121.28502753718026,112.0718887546124,120.76035564855898,121.65401358376383,72.76828006251206,88.69375951083063,131.0200068654889,149.43570889219245,158.42063996187622,164.28413529372529,169.7703567325268,165.38752717184266,178.51497788540638,149.5754327696113,149.38264321102835,136.5552961500741,123.37184962832634,118.90379803993352,118.5082646311319,115.48372742649951,106.75695574107797,105.63985911679652,107.5174958768933,119.7672318248354,129.4784460243101,105.36887777140608,109.44474240211413,124.96137282362174,125.58296056446282,127.28933574258018,129.56157510746,123.51744438096569,123.87952949104394,120.62468310052687,115.16633040489876,120.79770341494549,124.60955268413262,115.42464115040508,117.52858802236759,119.6564584635849,115.19897879529245,120.6734844882992,123.52660663957815,119.58630536752263,123.09336892845758,120.66617970538614,120.2961344141501,128.86196473706437,137.4593551508537,129.39863522870894,133.74506932222488,132.75355963806416,135.89015779577036,144.30865210981048,142.12280326385908,142.3677746741332,145.2223284336041,142.50354938925594,147.94883950807312,152.42810139174347,157.71564940263093,146.5508494058864,152.11286817941573,150.07779566621866,161.48694611339542,161.0623863049063,152.43892825206254,N/D
                        Turbosina,90.3758126684162,83.5847181657427,90.63867114974607,89.72437465740927,82.76330828823603,83.37056144294093,89.88964948286544,89.18176763980263,78.75377057544503,76.96038987020592,86.94115745226382,85.19077925423441,87.7280112669324,81.29403188788869,86.63497065154503,83.50062130395752,81.93880991092095,83.16676194128097,89.75511388744641,83.85600458722773,72.89366764269576,74.07078543208539,82.05630304184726,92.52324768085502,85.91642615955749,84.4234737101868,63.97814124250458,4.9075484656965385,5.01582189107532,15.094692085708404,29.40827822221419,27.026276701463907,32.1051350454153,31.25018894034102,38.764814402009804,49.36634780900589,47.62326604129185,41.462694394757214,46.4992779355104,54.33405821658876,58.54847681176689,60.597591475978554,69.39220937819078,68.00585014993769,58.14401505766768,68.02130502570351,81.74702174232883,87.8212203731924,84.1971610633066,80.8208687694478,85.52209643786094,92.29971362850421,86.70596293005426,87.89386077816293,88.90330535622822,89.65350240606708,81.16020759031746,83.86892933603183,91.78903658320415,97.8934161862332,94.575699454704,92.19672343420949,94.18920561939564,90.6427379247336,84.85005839825074,87.72723133044155,92.92560969334227,90.5009066497185,81.18961727617219,83.52964580317538,93.45352651381127,100.44365349788796,101.54107324160046,96.25496430925008,95.10980702445066,93.68112875466613,90.33866342495786,90.73333824082235,92.40695720225852,90.06949768406655,85.36466846876337,84.42352809360872,95.52655262948937,99.27536037337269,99.16254572516759,95.06226154321935,99.73766448196433,100.35677416600538,91.97069169138162,89.68306800482438,N/D
                        Diesel,325.49229124857976,330.19201503636725,339.14689260930896,334.34737732528646,356.0158123053402,354.5763651226512,333.6417023670362,339.15433081736154,314.6309455492516,320.58951632290047,328.0330295262357,299.87733925026885,290.7964005144869,309.0072149646479,311.7052447413559,308.22693755110794,315.61185288550865,303.84731845168506,297.9526063376343,294.709247541875,270.30387526766657,275.31042650573005,276.62609203886103,264.90620377497197,258.61611072929776,263.6536386371583,256.1422806142239,198.88160876240482,191.69754804719338,207.4813809786052,208.7094120035734,195.17275351550455,196.02857382306698,216.5493642469607,209.31266263404225,208.53855214434526,177.80474507353,189.96076472750914,232.7149423285596,218.30322978641087,210.1533092000745,206.51247635905202,196.94723827762465,193.48472463223527,188.9568976277139,203.07444004516887,229.58225409284842,224.02376082520314,193.44775657589616,225.85457577429233,300.78763469951855,322.7087945391388,341.6417939950505,351.83994326831476,340.15021131106585,320.9560022712946,314.73958923480313,319.62193814996715,315.56212724053114,298.45200632774436,274.17720678434074,289.0886541407921,289.3928258722445,267.735297004121,272.03672830221535,296.93146392282586,295.49418017115164,313.0352168337689,295.51957152032224,290.30878986095337,287.7405013141912,270.9003332410545,248.65189797558162,279.0049260110888,291.0096703334414,317.4648036952907,320.80069264947406,322.78635188504074,314.3831574942435,314.3577770947536,285.07897390968935,276.02437558107323,264.42868706329034,236.4190910117786,228.68246655642415,255.37470268780254,252.13093779347759,303.3815810534627,295.7936143058099,270.5615004508912,N/D
                        Combustóleo,76.07159928274802,105.58191666446412,110.44763165039876,93.67886672918236,132.04379085187836,117.19795015082563,159.13293055624223,123.91949738115441,133.5942348464051,83.22597680003723,68.90932182445299,57.584167514172776,50.67719806618404,70.1829497126051,88.3818068273825,88.31968828103207,93.94950155336186,99.18208120674059,102.52448083836464,95.76512735668243,84.8671035815647,63.32142152890515,41.231263755966125,39.12431270920029,45.6855895104219,41.997370790049985,71.63748604370512,63.154982053747865,51.41883224928957,58.934528703353486,46.125247055183785,56.890157340726454,54.18850131102366,63.66644644128327,49.77971405446577,58.39248281799426,76.89407457297929,92.07121273847487,104.61336075934301,77.97203456984673,98.42483557216946,94.68658702673773,83.88788986806422,76.16324182042173,68.17480782846984,47.57218101273027,54.82145604458035,63.19023211262424,60.458497046264064,59.37022222312289,58.45228978462341,75.16736428901521,69.79861817353698,78.05328109921443,85.2897380587976,61.067544663589224,64.19368134485526,77.34390517593948,63.18238487076111,66.32558370430279,71.9233347965691,70.94971331872178,66.07711346863145,65.74405147130749,86.88429122900435,81.02504669305836,64.42075702713026,89.78121274560282,78.47023305061403,82.12727109444157,79.85140979296142,60.73361315070036,35.8303736928891,35.763500218716416,61.79075761518075,35.712702560328175,80.67320083974215,90.96036727028853,112.37633525947608,66.80472259190535,60.77271552231898,36.7812045354659,55.33955800140905,34.997189696089144,40.29715783037841,48.6075773490303,54.97155394978494,66.13215856182718,70.9393286533304,103.7046047986787,N/D
                        Otros (4),24.65730946527727,29.617997424613026,31.38631232977041,33.836006816817665,25.744841895191772,30.034483886092875,26.171967202396797,32.957587695468845,33.21178938570056,27.16109331245773,31.169422107278624,29.554418153746536,21.680201232385507,30.83195151553736,38.69456829228084,32.35938515743537,27.686355024724275,36.978145647924656,47.62355887508341,50.12424374699548,47.499273754576805,49.73766063350666,39.33288207792701,47.456702336223266,49.15274003347351,38.34148170433764,44.764842517120506,35.823486587945496,36.13958114884951,33.35306540523819,35.287169996482035,34.06944525916012,36.31548777710923,38.03283946425906,27.016945114946342,25.30932208204665,34.354717209528836,35.29709048463748,32.71827644858676,36.26825095510068,33.96061313296712,30.73008116473286,40.55799038487086,24.994137367846772,27.050515902094546,23.611067451572634,26.0679731983916,41.80064207066082,29.309260116732233,29.439019608552666,41.23089774518171,44.045190166990906,42.466394795651674,38.442419908265336,39.51194781169492,29.263293921166206,24.328090220430262,28.458182857354835,23.744812440094076,29.94846812493147,35.65409063665889,36.204386189252176,39.07180107724725,39.32462237962913,41.70869042913114,42.964583279527325,48.50190774597856,47.29489212590479,43.95038291107806,40.227731918023714,36.71734064147011,40.11293213262208,43.39862711383548,46.062287013323306,39.22468635804112,49.87839661873399,52.47678103857681,34.32419161574374,48.33232911862412,47.42671986037409,32.42832279323259,37.347052788017386,37.25500471654129,43.39569790220668,63.57214326785311,41.30927957195147,63.82501903444898,60.28303160232134,35.13484207249553,67.68405150027314,0.0
                Gas natural (MMpcd),2381.986450951136,2328.235354952232,2284.454513953121,2243.11199795397,2195.515158954955,2274.022667953339,2001.2770949589337,1909.3241959608265,1816.9056689627212,1926.8406459604753,1776.37466296355,1654.58903296606,1701.3251609650888,1694.1525009652503,1643.8993559662742,1584.538333967486,1686.9564499653864,1719.7279999647265,1575.989675967671,1609.5880629669853,1601.1996649671544,1571.932258967753,1510.4333329690116,1361.8099989720697,1421.6499979708342,1396.222411971358,1363.8948389720185,1256.2576659742233,1194.91870897549,1322.1473339728727,1426.2467719707422,1457.6054849701038,1371.80066497186,1233.8712879746874,1187.5623339756316,1120.7909659770064,1167.0319359760585,1106.0396449773086,1242.4258049745142,1184.4043349757033,1161.145805976179,1258.2756639741897,1231.0641949747408,1178.5641929758235,1174.6396669759001,1101.914191977393,1080.0943319778414,1154.79967897631,1184.6180639757013,1042.1892849786186,1152.3735479763523,1136.3666669766858,1196.0390329754653,1146.0951089764858,1163.0622579761375,1148.223547976442,1096.7442359774989,1126.7116159768839,1101.4109039774037,1002.9932259794228,1015.5790319791643,1015.2800019791699,1092.2429029775903,1112.602999977173,1164.4529029761152,1236.5333339746308,1297.5564519733857,1313.4174189730525,1301.1912019733022,1251.4664499743305,1243.9839999744813,1156.6761309762653,1234.6545159746736,1270.8537939739317,1307.2296789731838,1305.7233349732082,1343.4319349724435,1426.3573329707376,1475.668385969724,1454.0280609701706,1412.105330971033,1336.8135499725738,1340.7773329724982,1253.7238729742778,1159.3483879762093,1238.6369019745878,1259.1216279741664,1288.2979939735744,1305.8731089732096,1374.673999971798,N/D
                Petroquímicos (Mt),251.21929099999997,224.293688,248.72003999999998,257.53533799999997,261.603568,211.05192799999998,257.234979,226.024884,208.963238,195.690349,222.436759,213.373999,231.922062,227.518773,213.68401799999998,180.976735,202.489598,209.81466700000001,200.02706999999998,200.48933999999997,150.851914,157.845804,164.596454,186.884354,192.301233,174.744137,188.52254499999998,154.6165692,139.7204098,112.077079,115.959652,101.629346,101.51017739999999,150.61953,160.80127599999997,165.287491,148.43771099999998,146.836727,170.560237,134.449497,114.23267799999999,101.14179979999999,113.08484899999999,151.2115141,147.35612179999998,161.3537399,168.9360475,127.399964900015,129.688540199928,149.373675001652,166.248685199936,150.39278160065098,117.049567,114.276618600054,155.2087277,154.3983318,137.858580499932,157.35136370057597,163.485009000479,113.36021250009,163.016881999846,139.359992,147.341852,120.824217,86.73539899999999,67.02455,99.889167,116.342301,98.933774,141.752509,159.265067,142.327124,161.23906799999997,153.186006,140.81627,116.69429299999999,115.025375,93.222821,92.010927,93.28727599999999,119.60043599999999,95.058054,89.482694,125.290971,135.90723699999998,132.12498399999998,144.243485,129.943679,135.569526,125.32535399999999,N/D
                        Complejos Petroquímicos (5),163.923241,144.98824,153.654002,172.098652,167.62045,125.26434599999999,180.36213999999998,142.83011199999999,127.23311199999999,119.475207,145.112799,143.28457,150.855164,156.73128699999998,146.309892,120.716667,116.701736,137.572831,105.05224,112.55573899999999,75.36598699999999,86.476703,102.861148,106.148416,106.026023,104.21166199999999,115.739784,95.83294719999999,80.55957179999999,47.826235,53.403852,58.147301,46.82866739999999,89.75465799999999,112.54781799999999,108.297935,76.28094999999999,89.25887,113.01211099999999,84.314949,70.34469899999999,54.710060799999994,57.94394,102.7545591,95.78715679999999,95.3106309,120.5034625,75.60824790001499,62.971073199928,84.990910001652,102.325253199936,92.75934960065099,60.045694999999995,61.251968600054,101.2931197,104.6380298,95.69584649993199,95.71798370057599,104.04012600047899,57.96506650009,115.441277999846,97.224644,95.34977099999999,71.372877,37.377993,28.976505,59.748743,75.654003,60.686961999999994,97.721238,116.557634,102.52327799999999,110.63397099999999,104.378919,89.555347,63.869828,69.194536,56.306672,44.427558999999995,44.890906,75.69656499999999,58.098547999999994,42.147521999999995,77.450113,84.769033,81.837306,88.197891,80.256974,72.938673,58.780691,N/D
                        Sistema Nacional de Refinación,39.106734,30.845731999999998,36.913911,31.575972999999998,39.327242,35.749235,32.513329999999996,33.060016999999995,32.936996,33.615637,36.960155,28.97697,35.180941000000004,29.571366,23.321106,15.784059,38.399621999999994,28.817686,45.01940999999999,38.313818999999995,31.618492,29.40466,17.868609,29.901971999999997,34.739298999999995,30.903219,29.725347999999997,20.900277000000003,22.304515000000002,29.888486,26.657731999999996,8.934206999999999,18.868249999999996,27.766897,21.792338,29.907353999999998,43.612832999999995,31.395426999999998,28.911046,28.048260999999997,22.546076,19.906397,22.784854,17.149881,16.694619,21.698534,16.107615,20.548654,27.808574,26.784262,24.420355999999998,20.49572,23.916559,24.0244,24.709902,19.787499,13.37693,28.699368,26.466364999999996,22.891965999999996,18.661908999999998,19.395965,24.772363999999996,13.684636,18.474525999999997,12.843976,13.398073,9.304164,9.756495,16.196193,14.425911999999999,10.723692999999999,13.756779,15.122735,19.281402,21.068564000000002,15.467029,13.711903999999999,17.988445,20.854221,20.379785,14.120134,18.724974,24.211329,25.871197,24.799045,27.47371,23.418213,34.023629,31.853402,N/D
                        Complejos Procesadores de Gas (6),48.189316,48.45971600000001,58.152127,53.86071299999999,54.655876,50.038347,44.35950900000001,50.134755,48.79313,42.599505,40.363805,41.112458999999994,45.885957,41.216120000000004,44.05302,44.476009,47.38823999999999,43.42415,49.955420000000004,49.619781999999994,43.867435,41.964441,43.866697,50.833966,51.535911,39.629256,43.057413,37.883345,36.856322999999996,34.362358,35.898068,34.547838,35.81326,33.097975,26.46112,27.082201999999995,28.543927999999998,26.182429999999997,28.63708,22.086287,21.341903000000002,26.525342,32.356055,31.307074,34.874346,44.344575,32.32497,31.243063,38.908893,37.598503,39.50307599999999,37.137712,33.087313,29.000249999999998,29.205706,29.972803,28.785804000000002,32.934012,32.978518,32.50318,28.913694999999997,22.739382999999997,27.219717,35.766704000000004,30.882879999999997,25.204068999999997,26.742350999999996,31.384134,28.490316999999997,27.835078000000003,28.281520999999998,29.080153,36.848318,33.684352,31.979520999999995,31.755900999999994,30.363809999999997,23.204244999999997,29.594922999999998,27.542149000000002,23.524086,22.839371999999997,28.610197999999997,23.629529,25.267007,25.488633,28.571883999999997,26.268492,28.607224,34.691261,N/D
,,,,,,,,,,,,,,,,,,,,,,,,,,,,,,,,,,,,,,,,,,,,,,,,,,,,,,,,,,,,,,,,,,,,,,,,,,,,,,,,,,,,,,,,,,,
        Valor (MM$),,,,,,,,,,,,,,,,,,,,,,,,,,,,,,,,,,,,,,,,,,,,,,,,,,,,,,,,,,,,,,,,,,,,,,,,,,,,,,,,,,,,,,,,,,,
            Total,81671.559241762,74327.0771573508,82468.1723445258,77701.18266327,92963.67453275314,91747.4230465382,89051.29013574802,87235.43412813196,82605.77045933309,87080.71611473858,79432.26566421024,72512.57249571597,64540.682466166596,63738.17492306314,75328.83043341641,76399.66894651999,79529.8763728,69216.04557487999,74145.1655453143,69088.92373346983,65003.65907539467,65892.66659459293,62228.29595958499,66212.46724794451,61098.3602254642,53352.42408437,45225.887108741794,25483.3463785281,31069.400045327202,37926.724770705565,43442.49943325488,42343.071118289794,39871.892561190725,42273.45980508559,38694.8828804986,45658.64237382983,43946.732028244594,59680.34600822749,63061.56618161559,55272.48046861536,59652.371093754584,61156.381021630994,65013.3977135789,62887.671137185396,60934.63676427094,72470.65493369928,76506.83541314368,77544.37070392272,72341.83820730496,77553.41236415264,104335.6698074064,106410.14050252449,113319.12326876953,111999.91243097652,113614.65486727079,108436.93050826051,97664.2136435518,102795.51211425137,94950.95987348432,83892.67521725786,87895.76270604774,74263.61887567095,79314.65833865218,70829.27578899203,68500.1223136851,68374.52427243059,72454.54819844117,85394.01495413294,82165.87644685908,79043.80737604691,70718.14862352166,68516.12385428025,66323.0702672981,69160.36486405399,74819.47203626925,73519.47696043973,74704.66811682653,73708.81193972932,81725.40797592484,78884.15848409559,68552.84828353857,70978.65978982182,71244.44338614399,72601.56613330496,73987.20011956268,68669.6999867277,73093.49694063133,75181.1913443736,72409.87892719904,69430.99000385127,N/D
                Petrolíferos y gas licuado,72989.12893455,66803.20266323,75073.0634118878,70487.76015154,85274.46263138,83797.98287497,81410.89064878,80803.42612905,76495.43202460998,79797.96589105,71865.23916335824,64345.6879329746,57398.48059747,58001.053374029994,69619.52527262001,71240.94823844,73845.06347404,63987.87665608,69380.93750359002,64374.33341987,60479.67001886,61464.71424237999,57841.76879574844,62202.217025339996,57150.311152492606,49844.9218230036,41506.510324086594,22102.1343091641,27852.0945940236,34833.76429335956,39855.714275163285,38261.183601446195,36064.19029878273,38114.841115753996,34521.601865249395,41587.351896954635,39817.23239463139,40483.401855327495,58139.012860505,50780.59835133,55424.86115727249,56606.8733675375,59709.441586186804,57232.31453497,54907.9797985225,65744.25298544749,69666.19292417749,71122.92183771318,66231.31099156641,71474.8789073433,97833.85563531981,99215.7821882382,105139.6105789362,104029.97234474281,105881.20719994819,99393.71167138442,89859.957978387,96497.51867421002,89292.38355072109,78477.77699453,82974.82516547998,70880.3895990934,75891.9275287712,68143.4425068454,65712.6925397524,65478.90676760459,69161.8876489304,82186.816423493,78939.3416666314,75301.77187853321,66754.2110032176,65102.125764059994,62431.904288188394,66010.5001317458,71942.18957508678,70993.26764640679,71797.07400452219,70564.0791622014,78455.223734077,75688.0871926882,65037.693178355396,67526.4241691842,68138.27929738759,68241.9100460058,69164.3453599786,64282.89114212179,68298.338452262,70957.2104586483,68173.6906660596,65467.21498598299,N/D
                        Gas licuado (3),5486.605856149999,4343.301716319999,4482.81130858,3547.6968619299996,4064.51145907,4445.24232383,4260.11510683,4316.92497665,4508.8047961699995,4745.09948705,4165.00651272824,3838.7453004945996,3700.2207177399996,3536.88548335,3430.2070083999997,2796.0861481599995,2505.63561557,1970.86933955,1997.68671623,2060.32534134,2110.71238697,2487.3451518,2834.45118127,3111.51820277,2722.6828257226,2431.3697806236,2402.8703345766,1669.8216789040998,2031.3755364935998,2361.0273970672,2569.23986782328,2765.6317085061996,2637.1784641527297,2980.878691694,2891.6078357193996,3630.54697755464,4228.0265455714,3951.1351904975,4411.521512585,3646.0026052099997,3754.4065071825,4234.511117727499,5015.5672732168,5287.73523526,5686.5644326425,6446.6600844075,6923.5792521575,6522.99497856319,6225.4123075064,6327.680705713299,7067.322005839799,5638.658298128199,5993.2606446962,5348.421191232799,5801.6288371082,5522.8502189743995,5270.762935387,4968.937174520001,4772.007455011099,4746.3027209599995,4725.21257998,4211.2031344334,4294.546748441199,3675.9887913554,3270.4869657724,2768.6413137146,2859.9043929803997,3200.925512493,3263.8579591614,3676.8477261732,3679.6452354676,4292.8922939799995,4146.2419113584,4621.2106850058,3871.2141286068,3444.0811352868,3036.7630720984,3287.3158197914,3824.287931717,3949.0801096482,3708.4684209654,4075.1436681041996,4711.1623482276,5398.8992513758,4802.6623770886,4296.549460341799,4997.706015411999,4232.9854140783,3822.4132912896,3498.143545563,N/D
                        Gasolinas automotrices,41217.0542468,38212.48032883,43413.45667332,40868.72552818,48748.60301692999,47562.71074952,44851.19104865,45535.10827238,42345.42100324,44729.38698266,38603.74829493,36587.19494632,32315.79258432,32072.83670357,38859.3051864,42037.83439552,43179.960336920005,37292.79347903,40952.38813559,37810.43668106,36050.25558048,36836.69781333,34555.63778746,37594.21030252,34332.20902548,30547.397115769996,23606.88602485,12263.19001769,17376.509339469998,21893.22759729,25097.53734312,24618.956893119997,23656.0858477,24320.203782329998,21380.7501032,25821.888429019997,23965.68077653,24591.17241522,35558.674720869996,31420.235235019998,33843.99313065,34254.30675004,36451.13476232,34509.7587856,33336.183111340004,39033.088992799996,41177.72714915,42855.0801111,38816.62850896,42112.116582279996,55352.26979381,54675.28972944,57375.85964124001,56608.69055911,57388.27766699,54862.7004758,48240.034089559995,52452.1237687,46982.71508288999,40741.412727949995,43691.584062,39152.23008494,42898.14129114,40210.26248587,39073.38561002,39194.55365453,41117.60423321,47049.73618371,45102.64856929,40622.67461369,35557.26171115,36294.77752633,34952.75335601,36773.73262918,41379.48182401,41103.75337023,41580.12072407,39285.78399525,43976.79767703,43772.791197629995,37456.55194256,39882.28043528,39205.506617269995,40417.15703971,39632.63570139,36543.31137422,38848.08141036,40235.61853177,40086.25694996,37188.095577629996,N/D
                                Pemex Magna,34221.77295917,32083.91043879,36503.67203753,34287.98953104,40921.472303849994,39894.57046129,37626.08840463,38190.46135988,35603.31484293,37458.559332699995,32021.79779363,30024.41103858,27344.94642381,26609.83605987,31813.330002389997,34973.31222405,36199.24901615,31010.191086,34208.65893749,31367.65105999,29982.17171513,30673.68663591,28754.5943953,31082.52624588,28240.812643119996,24748.877544339997,18680.24012253,10009.6570171,13847.42276183,16281.767040839999,18023.2720298,17197.05439664,16338.544191129999,16655.1836248,14555.24202296,17678.714042839998,16421.36146746,17154.65037953,27066.015267849998,24257.522732049998,26392.74901737,26834.3696413,28668.13152507,27385.53896433,26508.86656329,31267.752322189997,32935.52479743,34346.457784369995,31292.87506191,34184.2021204,44627.18080698,44042.86613347,46202.05150387,45577.07374778,46417.04345068,44277.217903849996,38995.61023657,42453.549001859996,37883.244658519994,32732.160145589998,35143.251439190004,31609.21879846,34447.499930519996,31976.323018279996,31118.55278286,31185.852082359997,32999.4743064,37679.06857501999,36139.2230979,32425.04778682,28143.143708569998,28389.01759655,27113.194003499997,28645.569364619998,32299.323317,32074.128496639998,32309.9620555,30219.222112069998,34208.29412737,33939.192572859996,28719.37142693,30269.67512583,29569.896708909997,30162.8931995,29629.30823357,27346.16173274,28900.42079425,30045.034736529997,29855.93526866,27720.91803172,N/D
                                Pemex Premium,6995.2812876299995,6128.569890039999,6909.78463579,6580.73599714,7827.13071308,7668.140288229999,7225.10264402,7344.646912499999,6742.10616031,7270.82764996,6581.9505013,6562.783907739999,4970.84616051,5463.000643699999,7045.97518401,7064.52217147,6980.71132077,6282.60239303,6743.7291981,6442.785621069999,6068.08386535,6163.0111774199995,5801.04339216,6511.68405664,6091.39638236,5798.51957143,4926.64590232,2253.53300059,3529.0865776399996,5611.46055645,7074.265313319999,7421.902496479999,7317.54165657,7665.02015753,6825.50808024,8143.17438618,7544.31930907,7436.522035689999,8492.65945302,7162.71250297,7451.2441132799995,7419.9371087399995,7783.00323725,7124.2198212700005,6827.31654805,7765.33667061,8242.20235172,8508.62232673,7523.7534470499995,7927.91446188,10725.08898683,10632.423595969998,11173.80813737,11031.61681133,10971.234216309998,10585.48257195,9244.42385299,9998.574766840009,9099.47042437,8009.252582359999,8548.33262281,7543.011286479999,8450.64136062,8233.93946759,7954.832827159999,8008.70157217,8118.12992681,9370.66760869001,8963.425471389999,8197.626826869999,7414.1180025799995,7905.75992978,7839.55935251,8128.16326456,9080.158507009999,9029.624873589999,9270.158668569999,9066.56188318,9768.50354966,9833.59862477,8737.180515629998,9612.60530945,9635.60990836,10254.263840209998,10003.32746782,9197.149641479999,9947.66061611,10190.58379524,10230.321681299998,9467.177545909999,N/D
                        Turbosina,4646.96540685,3756.71257951,4432.98150878,4436.72747581,4803.656808039999,4921.5945642,5158.953134899999,5031.381715029999,4587.94263375,4949.87169902,5343.08918395,4724.039153369999,4574.6953925200005,4077.46234101,5118.38100155,4808.39405946,4988.2692111999995,4514.82697429,5153.9998693299995,4690.39983185,4128.21712677,4163.30466967,4356.37392037,5142.045743199999,4713.329583979999,3698.12305935,2701.29352702,152.16433924999998,157.12866681,557.69063174,1240.43581181,1140.91120962,1155.00586597,1177.75417095,1420.87531641,2041.80209604,2056.0033306,1777.0702469799999,2472.38665684,2648.1353914799997,3050.35301894,3182.45203103,3877.9995661,3709.51401349,3230.44103414,4524.41077263,5314.4178495099995,5635.24857853,5791.046379789999,5616.13438308,7956.89975864,9040.266729429999,9532.36183083,9471.1426036,9340.04392298,8481.95781246,7501.039607729999,8288.34732216,8188.61283576,7777.34497675,8774.20993603,6739.56718355,6864.71719607,5737.47888356,4861.248135149999,4820.6260427,5404.19143086,6352.06127863,5855.008013459999,6198.94134315,6358.7084556400005,6109.205138619999,6296.012714649999,6056.8541282,6100.21805752,5756.83528587,5408.091855029999,5408.0827732299995,6023.80246852,5564.57636585,4924.879013489999,5050.8080273900005,5714.998750729999,6270.495244039999,6830.35329475,5924.30925475,6354.11178968,6070.00295682,5231.05355653,4994.5220025,N/D
                        Diesel,18583.445955979998,16800.80355812,18685.23289762,18267.96860185,22139.50041609,21863.807961029997,20285.04221468,20447.590940129998,19284.158085869996,21085.30287669,20269.65558266,16466.951155849998,14934.35171799,15800.771632889999,18233.951514729997,17706.317429569997,18929.89369384,16237.225854479999,16715.328953,16188.14351623,15227.91587213,15617.367854439997,14686.63965619,14787.738499809999,14110.240795139998,11820.17727762,10900.3991791,7070.980475969999,7083.374739129999,8488.54555305,9399.264571419999,8651.59694093,7594.134323480001,8426.054276689998,8056.41841502,9014.73563082,8171.582728899999,8782.357854729999,13083.34467183,11109.7913104,11912.337771129998,11815.78840631,11547.21996222,11113.112020569999,10730.89130987,13619.56176028,14700.182595199998,13820.18597381,13512.912153660001,15685.7501909,25162.7700782,26641.559030809996,29171.96888863,29135.26835572,29440.11458698,28028.339013499994,26699.33249383,28037.94550402,26695.38773183,23060.89017571,23428.280327349996,18670.91067727,19641.22784484,16360.72802218,15532.62448241,16235.032180299997,17429.145612919998,22028.74528109,21521.56646877,21489.285676369997,17947.143994899998,15746.92312122,15063.741171589998,16739.97101131,17823.0137242,18753.806017299998,18520.682697599997,19155.52562695,19762.78340543,19142.18698548,16334.582521189997,16707.70209424,16033.720944499999,14705.30789282,15998.669722879999,15738.66437561,15863.718573979999,17293.801482580002,16662.85411188,15708.134332130001,N/D
                        Combustóleo,2433.59379832,3021.3479866599996,3323.2838474699997,2663.75747469,4710.63702442,4246.49293506,6016.93358328,4562.005586249999,4833.498537899999,3326.93943431,2714.52539777,1925.88150523,1596.24357488,2160.33829461,3344.92966635,3124.0452017899997,3540.27512163,3165.30475235,3542.87077684,2737.0667562099998,2213.39721859,1720.2245145599998,763.61600929,881.48053808,664.9059510499999,824.3538821499999,1349.9210490199998,593.7992904600001,775.49889294,1033.6945922799998,1012.86823591,588.7570773699999,600.28436238,649.59861924,358.73201781,687.12472509,932.6217108799999,860.17907121,1939.68307584,1401.8872864,2277.5182440199997,2500.88757,2079.62161342,2079.7233157299997,1458.75898925,1511.34834976,870.17513962,1435.7617304799999,1285.83571676,1131.7463553,1336.99907538,2253.3599180799997,2043.43856042,2568.9234138,2755.26478653,1533.5306682399998,1412.22177441,1831.76945052,1741.21818364,1313.4364283399998,1447.27155443,1315.87793206,1228.9708383599998,1326.8194151300002,2054.11015404,1655.4085105499998,1520.67455898,2738.97917811,2362.28322621,2578.92599274,2331.35629333,1857.46798028,1148.20034248,977.0813734899999,1871.1110578199998,1028.67895441,2349.81509094,2679.6315671599996,3959.6191964899995,2323.87645416,1800.9840598699998,1005.57706175,1707.5129992099999,756.98594482,1144.87500291,1161.55115803,1296.4931993399998,2174.7783267600003,1582.2377485099998,3139.09025864,N/D
                        Otros (4),621.4636704499998,668.5564937899999,735.2971761177998,702.88420908,807.55390683,758.13434133,838.6555604399999,910.41463861,935.6069676799999,961.36541132,769.21419132,802.8758717099998,277.17661001999994,352.7589186,632.7508951899999,768.2710039399999,701.02949488,806.8562563799999,1018.6630525999998,887.9612931799999,749.1718339199999,639.7742385800001,645.0502411684399,685.22373896,606.9429711200002,523.50070749,545.14020952,352.17850689,428.2074191799999,499.578521932362,536.36844508,495.32977189999997,421.5014350999999,560.35157485,413.2181770900001,391.25403843,463.31730214999993,521.48707669,673.40222254,554.5465228200001,586.25248535,618.9274924299998,737.89840891,532.47116432,465.14092128,609.18302557,680.1109385399999,853.6504652299999,599.47592489,601.45069007,957.59492345,966.64848235,1022.7210131200001,897.5262212800001,1155.87739936,964.33348241,736.56707747,918.3954542900001,912.44226159,838.3899648199999,908.26670569,790.60058684,964.32360992,832.16490875,920.8371923600001,804.6450658099999,830.3674199799998,816.3689894600001,833.9774297399998,735.09652641,880.0953127299998,800.85970363,824.9547921,841.65030456,897.15078293,906.1128833100001,901.6005647837801,747.73937982,907.9330548900001,935.57607992,812.2272202800001,804.91288242,765.3776374500001,693.0646732399999,755.14926096,618.50551917,938.2274634899999,950.0237466399998,788.8750078900001,939.2292695199999,N/D
                Gas natural,6321.60467503201,5337.59295348401,5077.138213607999,4944.6944932999995,5256.25043988,5767.9235661660005,5105.77208839801,4192.866661892,4056.770864837,5171.861248517,5127.727950951999,5995.228636575949,4992.852692479999,3719.55745836,3728.0540528,3471.35791579,3836.30443401,3450.5161412499897,3212.7772777399996,3116.9076361899997,3274.64991207,3152.3013831599997,3057.80258951,2722.4459039699996,2584.75033067,2259.74332426,2313.7477821599996,2386.48847207,2453.2297324099995,2375.28130482,2597.20292001,3160.5709479899997,2930.7210301399996,2927.3059552699997,3042.29056213,2822.94793986,2819.07237637,17601.24658937,3149.1710822399996,2882.5253516599996,3114.5719121999996,3364.41035027,3741.4893041999994,3829.94058401,4213.55448807,4805.20227458001,4426.19124311999,4240.88161378,4107.4485655,3965.23017193,4164.61661706,4900.06455716,6680.109227060009,6434.61028696,5770.422159649999,7019.117181899999,6034.234604779999,4406.610172600001,3680.73334447,3967.4045138499996,2946.9782999299996,1915.6037121099998,2083.99176239,1808.57546955,2034.4916138099998,2274.3123984699996,2615.24408432,2574.7857748899996,2539.73981955,2576.6241728,2580.26424968,2268.4332500224,2741.3744122199996,2047.61727466,1840.58869097,1654.51712724,2103.02588647,2478.31979965,2484.82095351,2336.95862697,2475.57229328,2617.7800649299998,2290.8523309,3344.3417803767998,3694.1605010599997,3267.37042106467,3642.6584228204997,3308.93943032,3244.99368363,3047.7741810091597,N/D
                Petroquímicos,2360.8256321799995,2186.281540636773,2317.97071903,2268.72801843,2432.9614614931297,2181.5166054022,2534.62739857,2239.14133718997,2053.5675698861,2110.8889751715797,2439.2985499,2171.65592616542,2149.3491762166,2017.564090673138,1981.2511079963997,1687.3627922899998,1848.5084647499998,1777.6527775499999,1551.450763984281,1597.6826774098308,1249.339144464673,1275.650969052944,1328.7245743265419,1287.804318634512,1363.2987423016,1247.7589371064,1405.6290024951998,994.723597294,764.0757188936001,717.679172526,989.5822380815999,921.3165688536,876.981232268,1231.3127340615997,1130.9904531191996,1248.3425370152002,1310.4272572432003,1595.69756353,1773.3822388705998,1609.3567656253601,1112.9380242820998,1185.0973038235002,1562.4668231921,1825.4160182054,1813.102477678438,1921.1996736717758,2414.4512458461936,2180.5672524295337,2003.0786502385529,2113.303284879341,2337.1975550265915,2294.2937571262796,1499.4034627733167,1535.3297992737,1963.0255076726,2024.1016549760998,1770.0210603848,1891.3832674413488,1977.8429782932112,1447.493708877846,1973.959240637766,1467.625564467548,1338.739047491,877.25781259663,752.9381601227,621.305106356,677.416465190759,632.4127557499398,686.7949606776749,1165.4113247137,1383.673370624072,1145.564840197845,1149.7915668897017,1102.2474576482,1036.6937702124599,871.6921867929249,804.568225834354,666.4129778779319,785.3632883378598,859.112664437389,1039.582811903177,834.455555707624,815.3117578563999,1015.3143069223559,1128.6942585240822,1119.4384235412422,1152.500065548827,915.041455405281,991.1945775094371,916.000836859121,N/D
                        Complejos Petroquímicos (5),1849.8092010799999,1707.2058375100003,1806.83476219,1823.6847678499998,1880.6386792699996,1625.29194149,1992.7489803899998,1731.8868487999998,1604.31860627,1626.83633551,1888.29355009,1761.0775006,1736.7341022,1634.84309084,1603.4109123499998,1362.56492958,1381.6626333400002,1400.9697947,1127.7684827300002,1204.9766989499997,913.5260419699999,953.7483727999999,1083.99916221,987.8525563699999,1036.36430011,966.1732223299999,1116.47468906,822.9154456,600.33058828,503.40732583999994,752.04923102,734.87459656,631.0846607999999,942.9955823199999,900.8571375099998,972.44263964,927.4308072200001,1250.61116414,1302.0717308999997,1110.05162715,685.4672514199999,671.1247428300001,956.00369392,1265.6728537,1203.58987686,1233.8429260199998,1842.2713542899987,1672.4278264499999,1365.98107413,1440.3987048200001,1595.8543476699997,1464.6489062099997,726.5507918199999,870.1012527199998,1350.4219555599998,1526.64398577,1340.8631175799999,1380.6980375599999,1545.90077363,1120.20949816,1726.11369345,1179.50662847,991.4517077200001,576.9723503,461.4290596999999,383.93811934,451.84816064,432.72299513999997,479.7838054099999,857.5166941800001,1069.046111160001,876.9862894299999,813.3655424599999,760.47511143,641.3552560999999,438.74969933999995,424.93569446000004,370.38924863,394.8195008099999,418.79590249,620.26031857,520.5341185599999,414.38856675,625.96308233,712.76844753,654.75251373,646.15989113,514.82258557,495.52223313999997,439.74293405,N/D
                        Sistema Nacional de Refinación,339.66177123,311.35260507,329.32304214999994,270.15370057999996,357.17122274999997,360.44684023,366.70070402999994,300.42372147000003,257.22839576,305.33610382,373.71689774,236.51362525999997,241.02806934999998,241.10411650999998,213.37255629,143.91581465,290.44165232,216.30900789999995,244.13061259999998,219.23465467,176.87513147,177.04863908,111.80248483,147.13681893999998,164.67079599000002,145.99017618,142.59098879,75.24434409999999,82.71724049000001,120.91437244999999,122.12092774999999,48.30024664,105.86309971,151.22225459999999,113.18096478999999,159.41238945999996,249.05253804,201.61399916,308.55609217,341.30713361,273.28426413,335.00305382,370.48819796000004,312.57017334,347.02615913999995,370.65660132999994,281.64111957,301.38547986,346.43162249,371.4042395799999,387.34158788999997,417.24706808999997,433.69128801,346.54047682,319.35862294,237.07479601999998,171.59406485000002,292.2888543099999,237.34445614999998,178.97693966,139.58413622,191.37168965,207.39845644999997,133.21482154999998,167.12255985999997,110.01216137,92.13911553,59.267781549999995,60.62528722,126.03440546,158.35072950999998,126.53060331,166.50381438,188.15348402,226.03804923,230.48348972999997,145.54198149,142.09190891999998,188.17180851,235.81292111,241.38216544999997,148.64838906,180.93823658,228.71828346999996,235.44695925862197,249.77145235724197,285.563211844827,213.697650887931,265.890575146553,249.589170568967,N/D
                        Complejos Procesadores de Gas (6),171.35465986999998,167.723098056773,181.81291468999999,174.88954999999999,195.15155947313002,195.7778236822,175.17771414999999,206.83076691997,192.0205678561,178.71653584158,177.28810206999998,174.06480030541996,171.5870046666,141.61688332313798,164.46763935639999,180.88204805999996,176.40417908999999,160.37397495,179.551668654281,173.47132378983096,158.937971024673,144.85395717294398,132.922927286542,152.814943324512,162.2636462016,135.5955385964,146.5633246452,96.563807594,81.0278901236,93.357474236,115.4120793116,138.1417256536,140.03347175800002,137.0948971416,116.9523508192,116.4875079152,133.9439119832,143.47240023,162.75441580060001,157.99800486536,154.1865087321,178.96950717349998,235.9749313121,247.17299116540002,262.486441678438,316.700146321776,290.538771986195,206.753946119534,290.665953618553,301.500340479341,354.00161946659193,412.39778282628,339.161382943317,318.68806973370005,293.2449291726,260.38287318609997,257.5638779548,218.396375571349,194.597748513211,148.307271057846,108.26141096776598,96.74724634754799,139.888883321,167.07064074662998,124.38654056269999,127.354825646,133.429189020759,140.42197905993999,146.38586804767502,181.8602250737,156.27652995407098,142.047947457845,169.922210049702,153.6188621982,169.30046488245998,202.458997722925,234.09054988435398,153.931820327932,202.37197901785999,204.503840837389,177.940327883177,165.273048087624,219.98495452640003,160.632941122356,180.47885173545998,214.91445745399997,220.77696257399998,186.52121894735,229.78176922288398,226.668732240154,N/D
,,,,,,,,,,,,,,,,,,,,,,,,,,,,,,,,,,,,,,,,,,,,,,,,,,,,,,,,,,,,,,,,,,,,,,,,,,,,,,,,,,,,,,,,,,,
Comercio exterior,,,,,,,,,,,,,,,,,,,,,,,,,,,,,,,,,,,,,,,,,,,,,,,,,,,,,,,,,,,,,,,,,,,,,,,,,,,,,,,,,,,,,,,,,,,
            Volumen,,,,,,,,,,,,,,,,,,,,,,,,,,,,,,,,,,,,,,,,,,,,,,,,,,,,,,,,,,,,,,,,,,,,,,,,,,,,,,,,,,,,,,,,,,,
                Exportación neta de hidrocarburos líquidos,281.1315607683264,553.2896016276676,325.19469349069595,472.1497914047119,503.17454286516784,305.56131026369974,213.7123302306513,329.53417526730914,399.12708820748827,136.19799158749845,200.64703346044163,239.34543528431027,311.8586601827766,611.7966190784346,362.58861729337,205.6111808224271,488.8350861429784,229.13990964614732,408.55665748867443,412.7585493333838,340.4188665493925,276.4051128849711,437.8712103205395,405.37871037790194,587.1443820490861,337.51680258473016,434.1681467464757,855.2417726443747,843.4020709785116,924.2898753476527,693.0061184779626,765.6244702934748,666.7811100809587,508.2229530706553,618.0709286860555,742.9102849503666,598.4768102465173,715.2815455680108,687.2772515238489,514.2419861509255,555.1982176136712,617.0575318764108,691.8644638678855,711.0397906992476,666.490306690513,663.8401774287244,625.5395978126678,507.14589946458,421.1982475486777,630.2368397893059,465.7488865831464,492.9531110254859,335.4535391720169,327.03213878736085,290.4368099110851,316.6304146015883,476.6497748389164,372.36512214381,419.616998984415,387.295625867946,501.8004258066819,444.52964861405917,504.7461351091853,507.3472897940462,636.4393934640465,725.625500603429,530.2147162782754,457.84678565154195,497.9325986178524,390.7445324023237,293.7413187056913,361.65217615367243,575.2947131976728,519.2507212070284,391.0128853504516,307.6082710717948,383.1930971691362,172.8958755034547,281.23046369314727,212.57266593266763,215.99105176756723,389.29704693406325,435.1977535160403,269.05589955905145,141.89031376729804,346.474939225863,318.7246178645728,276.9534425727561,233.78024171687005,135.23665639398138,0.0
                Exportación de petróleo crudo,1106.4244193548386,1451.3656071428572,1176.2348387096774,1265.4658666666667,1221.5200967741935,1109.7930333333331,1155.8477741935485,1180.9783870967742,1205.8541333333335,1026.5569677419355,1134593,1198.1956774193548,1071.458258064516,1475.2858571428571,1150.292258064516,1023.4227666666667,1204.7188387096774,995.0313333333335,1078.7944516129035,1081.3673225806454,994.6059333333334,962.9531290322582,1114.3953666666666,1114.455322580645,1260.456258064516,1093.2336896551724,1144.049806451613,1178.4496,1061.6885483870967,1114.0334,1050.4796451612904,1190.283741935484,1023.2074,907.7896129032258,1171.1915999999999,1242.225935483871,978.7665483870967,1005.8400714285715,924.7240322580645,923.2548666666667,1030.6447419354838,1105.9798333333335,1172.1998387096774,1097.5792258064516,982.4315333333333,935.1377741935484,1024.5552,1036.2124838709676,832.0973225806451,925.3109642857144,904.688935483871,1023.6253666666668,964.4493548387097,1029.1478,1061.4251612903226,914.5405483870968,1021.4478666666668,970.7246451612904,893.8845333333334,899.4847096774195,979.7247096774194,948.9130000000001,971.1246451612903,989.1769333333334,1086.8338064516129,1203.0528666666667,1051.6158064516128,1076.275935483871,1119.2105666666669,1052.9046451612903,882.5396666666668,1026.215935483871,950.0065806451613,940.1874827586207,686.5161935483872,681.4146999999999,910.7905483870968,753.5386666666667,778.9887096774194,730.9412903225807,656.2549333333334,830.9304838709678,950.7188333333335,807.3331290322581,532.2754516129032,709.7933571428572,751.094741935484,647.7531666666667,673.6342903225807,458.10266666666666,N/D
                Petrolíferos y gas licuado (7),,,,,,,,,,,,,,,,,,,,,,,,,,,,,,,,,,,,,,,,,,,,,,,,,,,,,,,,,,,,,,,,,,,,,,,,,,,,,,,,,,,,,,,,,,,
                            Exportaciones,115.1186673548387,121.91635775,180.80265551612905,165.42338163333335,205.67420141935486,128.4282912,103.1210685483871,106.33416448387096,115.71279273333334,115.91032470967743,130.017023,104.52972193548386,112.55964867741936,104.09033421428572,96.73825348387098,110.6441751,117.25970738709677,103.5407689,99.88693741935485,108.0106330967742,111.43600736666667,126.10240154838709,167.7926849,138.25972454838708,150.12400270967743,80.40758734482759,96.6202249032258,140.27781153333333,168.01944829032257,160.44027830000002,151.11661706451613,162.88921164516128,183.91113836666668,149.19989577419355,91.19103773333335,133.62868051612904,140.87294474193547,154.6485084642857,183.58278022580646,174.2026952,131.93618938709676,135.90003306666668,155.95871606451612,148.58455725806454,206.7397415,234.3212586774194,172.70674390000002,175.85655322580646,182.83287577419355,218.0566825357143,225.2734412258065,191.36706220000002,175.77476051612905,157.4945787,184.45262383870968,224.08810296774195,196.64994086666667,219.2765713870968,221.87571010000002,198.18297774193547,219.17336032258063,222.0724667857143,255.10924096774193,214.939376,221.14131967741935,203.15314366666664,155.9284783870968,180.47672612903227,167.27575199999998,143.72184516129033,143.624043,176.85783161290323,267.63068403225805,277.62414455172416,291.37198106451615,277.78746299999995,211.49102232258065,182.85812606666664,223.09747448387097,218.93934103225806,236.83700435466667,185.3852784335484,164.86174152933336,162.51110264645163,166.38506528774192,231.28209896428572,206.2614108735484,232.60553042400002,182.10742725419357,152.18122335733332,N/D
                            Importaciones,940.4115259413509,1019.9923632651897,1031.8428007351106,958.7394568952881,924.0197553283805,932.6600142696335,1045.2565125112842,957.7783763133361,922.4398378591785,1006.2693008641146,1063.9629895395585,1063.3799640705283,872.1592465591588,967.5795722787085,884.441894255017,928.4557609442397,833.1434599537957,869.4321925871861,770.1247315435838,776.6194063440357,765.6230741506074,812.650417695674,844.3168412461272,847.3363367511303,823.4358787251074,836.1244744152698,806.5018846083631,463.48563888895853,386.3059256989077,350.1838029523473,508.59014374784385,587.5484832871705,540.3374282857079,548.766555606764,644.3117090472778,632.9443310496332,521.1626828825149,445.20703432484646,421.029560960022,583.2155757157412,607.3827137089093,624.8223345235895,636.2940909063078,535.1239923652685,522.6809681428202,505.61885544224344,571.7223460873322,704.9231376321941,593.7319508061609,513.1308070321228,664.2134901265312,722.039317841181,804.770576182822,859.610239912639,955.4409752179473,821.9982367532504,741.4480326944171,817.6360944045772,696.1432444489185,710.3720615514089,697.0976441933182,726.4558181716553,721.487751019847,696.7690195392872,671.5357326649856,680.5805097299043,677.3295685604343,798.9058759613615,788.5537200488145,805.8819579202568,732.4223909609755,841.4215909431018,642.3425514797466,698.5609061033165,586.8752892624517,651.5938919282052,739.0884735405413,763.5009172298786,720.8557204681431,737.3079654221712,677.1008859204328,627.0187153704529,680.3828213466264,700.7883321196582,556.7702031333471,594.60051688128,638.6315349444596,603.4052545179106,621.9614758599042,475.04723363001864,0.0
                Exportación neta de gas natural (MMpcd),-1654.7466340005803,-1548.1568859993033,-1471.1149219997567,-1514.9174900005876,-1513.0826320006083,-1456.1768319997682,-1266.8533350004075,-1099.4038770005056,-1063.6867529996086,-1261.696738000473,-1022.6824220001531,-925.5605630002278,-1067.3622680004726,-1058.9148550001898,-1063.2283919997312,-985.0824670003601,-1025.5121069999493,-1051.7946500002881,-964.5569820004364,-926.2387580002697,-905.7891440001235,-900.8973310002445,-848.6315540003992,-792.9670080003292,-896.5420290000542,-849.2580179996713,-847.7374879996083,-771.6249199997104,-695.6721580002337,-819.8243690003786,-925.5961160002148,-914.1712809997132,-861.7917470004144,-912.0212649999395,-878.9726869997475,-849.4000310003164,-946.6664889998037,-913.6476769996989,-1002.5891949994892,-934.5273459999233,-928.9943310004169,-990.4479610004902,-977.8541180004858,-964.5035390003344,-795.111489000312,-872.0744129997097,-805.5433660002777,-711.685688000113,-672.6994990002808,-602.2494449997132,-619.1521770001578,-643.3242069997922,-710.3042900000157,-588.9741429999062,-416.9050419998951,-508.38957100022805,-438.0005509999566,-506.1794550002125,-391.26304200006217,-283.7119329998712,-283.880049999935,-275.6938970000155,-356.192703000166,-292.4207120001083,-388.26583199982895,-539.3689970001249,-497.83448200015874,-514.1024109999885,-588.7670549997473,-575.2611339999414,-601.682523999747,-626.286407999981,-737.732790000378,-701.5367590000945,-627.6853429999912,-686.6369260001653,-669.9928280002664,-730.3447889998878,-849.4879740002036,-893.4415280000034,-832.121779999769,-687.3079230000761,-693.2514890001481,-732.5312240000239,-783.6837460002705,-856.7194179997621,-789.6755089997181,-836.7745310000068,-1008.5145939994944,-1044.4449510003822,N/D
                Petroquímicos (Mt) (2),,,,,,,,,,,,,,,,,,,,,,,,,,,,,,,,,,,,,,,,,,,,,,,,,,,,,,,,,,,,,,,,,,,,,,,,,,,,,,,,,,,,,,,,,,,
                            Exportaciones,0.04398,3.275769,3.3479360000000002,0.0,9.410698,3.404126,6.182629,11.441039000000002,4.142778000000001,3.335951,6.731492,6.439445,8.097828,8.395264,3.3079270000000003,6.3955969999999995,6.699287,7.745014,8.348951,4.698765000000001,10.121407,4.948296,3.1495970000000004,N/D,9.958075000000001,4.629315,7.878593,N/D,N/D,3.149872,N/D,5.5660940000000005,N/D,2.799833,N/D,3.785545,N/D,3.144056,5.0320100000000005,N/D,32.843159,21.5488,2.161745,N/D,N/D,9.010513000000001,18.055699,15.630919,N/D,3.877904,7.6573199999999995,N/D,N/D,N/D,N/D,N/D,4.305307,2.471664,N/D,N/D,N/D,N/D,N/D,N/D,N/D,4.1374629999999994,3.399532,N/D,N/D,N/D,N/D,N/D,3.448291,4.284457000000001,N/D,N/D,N/D,3.025831,N/D,N/D,N/D,4.093505,3.007585,N/D,N/D,N/D,3.9818890000000002,2.49831,N/D,N/D,N/D
                            Importaciones,46.149471000000005,85.01412664700001,86.44290999999998,58.93261765699998,39.18725499999999,69.189146094,81.17774199999997,56.49451899999999,70.341797233,71.55234,96.87230799999999,70.45088195,96.94491099999999,152.82793800000002,96.866322,81.810341,66.920282,69.75888499999999,77.98259399999999,52.721681999999994,15.663399000000005,49.336804,70.016701,50.42892799999999,70.565539,45.491949999999996,41.763995,23.685768000000003,30.132625000000004,7.681478000000002,35.66507999999999,39.64062700000001,12.697396999999995,28.064158999999997,26.509844,24.065250000000006,33.639147,42.36816399999999,46.86128199999999,13.74794699999999,10.000181000000005,16.810743000000002,15.959191999999994,17.641179,28.48356799999999,27.82308599999999,38.44749,57.44118800000001,35.427068,41.87696700000001,34.91994100000001,17.864143,15.503613999999992,18.813923999999993,19.552112000000008,22.11223100000001,44.31712200000001,25.453630000000018,48.548007,49.47869800000001,59.53519000000003,36.652317,40.095453000000006,19.962457,22.936086000000017,25.34203099999999,24.884308000000004,38.077793000000014,43.58696499999999,36.07973800000002,44.970911,60.588955,44.492569,35.058465,13.852665000000016,9.21393999999998,0.0,8.867530999999985,0.9617550000000108,5.041967,6.806004999999999,11.218795999999998,8.143032000000005,1.996222000000003,7.0847630000000095,14.501637999999986,12.175780000000003,0.0,7.535377000000011,7.1352250000000055,N/D
                Maquila,N/D,N/D,N/D,N/D,N/D,N/D,N/D,N/D,N/D,N/D,N/D,N/D,N/D,N/D,N/D,N/D,N/D,N/D,N/D,N/D,N/D,N/D,N/D,N/D,N/D,N/D,N/D,N/D,N/D,N/D,N/D,N/D,N/D,N/D,N/D,N/D,N/D,N/D,N/D,N/D,N/D,N/D,N/D,N/D,N/D,N/D,N/D,N/D,N/D,N/D,N/D,N/D,N/D,N/D,N/D,N/D,N/D,N/D,N/D,N/D,N/D,N/D,N/D,N/D,N/D,N/D,N/D,N/D,N/D,N/D,N/D,N/D,N/D,N/D,N/D,N/D,N/D,N/D,N/D,N/D,N/D,N/D,N/D,N/D,N/D,N/D,N/D,N/D,N/D,N/D,N/D
,,,,,,,,,,,,,,,,,,,,,,,,,,,,,,,,,,,,,,,,,,,,,,,,,,,,,,,,,,,,,,,,,,,,,,,,,,,,,,,,,,,,,,,,,,,
            Valor (MMUS$),,,,,,,,,,,,,,,,,,,,,,,,,,,,,,,,,,,,,,,,,,,,,,,,,,,,,,,,,,,,,,,,,,,,,,,,,,,,,,,,,,,,,,,,,,,
                Exportación neta,-388.1247355646162,-96.51234702602997,-355.0007539510109,-50.87586945962306,15.135224535040606,-370.4884984384051,-523.2373656225352,-234.4642898879813,69.20845519896548,-582.8563858844764,-529.1459665401717,-376.6634432970939,-9.382173360335889,521.0591947731789,16.9693102712332,-342.2823689136261,99.96185738176203,-365.791099339412,87.47932594704807,-157.23176868917204,49.31451321453001,-327.088212965435,-149.781889349092,-45.2252584492172,96.10123636475498,-480.69889019423385,-512.6127494121802,30.59676727298394,338.9048651478841,733.4370890733358,461.3347665865,572.4989093583231,407.6491825294699,249.64500344496506,471.68395754907186,835.6918014274979,689.0202340918909,82.65096345525905,885.70799418044,534.8783602806228,687.2721335709049,799.1140824141735,907.9300260116477,948.3538434358597,907.3604803418699,919.960036750927,749.8861556242531,506.81787587773994,540.6215438708938,1101.5476927898533,847.6421918988561,427.2319448666268,-310.93923007554395,-660.7979123899139,-1134.5317761437145,-844.7694533276715,-291.9238077676482,-673.9326061779512,-365.22037780187986,-404.88288367245514,-133.389764982985,-378.1072010193385,-238.5924819366308,-4.362377966122864,166.40921340306713,457.6933451162678,363.7040520636666,-80.76944344828291,-50.276052485967625,-172.79191719805374,-321.3222396623306,-255.65727639986335,373.3335425187911,172.768142295867,131.9893402667121,-43.2377997884162,107.08616610178979,-350.44888181495594,-180.153015097764,-299.86299342010494,-199.62257065609396,289.90697669715496,370.55555288658275,62.085569226730996,-216.97893278992302,118.01638532713989,43.556708005202104,-43.27383384472877,-153.78988158176313,-140.86487257525704,N/D
                Exportación de petróleo crudo,1979.4043865899998,2299.67776892,2089.8790323099997,2239.4582709499996,2375.4892050900003,2150.2987780999997,2377.0414799699997,2348.9246636599996,2469.3932304,2268.7037096999998,2021.30486421,1920.70840349,1785.81086257,2347.01383321,2103.09587334,1899.38392723,2252.48936061,1696.8982531899999,1932.45606541,1659.6329746099998,1644.1249985299999,1510.51283251,1706.1125539999998,1823.8309962699998,1904.72654417,1276.19196267,1009.9461405399999,604.58082651,746.05044532,1130.0103608599998,1190.85087045,1442.6026819899998,1175.3441344799999,1095.66148568,1452.6191362799998,1826.4327068199998,1589.2916068399998,1614.94150159,1720.33649449,1700.35638272,2055.65015742,2220.67665586,2487.74169112,2306.0751197399995,2029.4430720399998,2091.74102404,2309.86714941,2322.22096858,2022.81283846,2272.9935880900002,2814.63724059,3139.5871371999997,3116.71187165,3271.28091657,3105.6772472199996,2445.80743004,2501.2687355999997,2351.34202604,2060.66901337,1944.7071117799999,2047.6530256199999,1780.42896607,1911.84544631,1993.7798090699998,2191.19697616,2366.3697571899997,2356.93720688,2559.2997585999997,2746.47310307,2629.90781909,1967.3527960899999,2202.9005749899998,2089.47595696,2002.23017485,1570.07236107,1551.62202968,2103.60039096,1635.39395838,1723.20942748,1601.1693665199998,1291.48484836,1683.89351709,1851.9686471999999,1621.9854479,1092.48927566,1307.6073132499998,1458.29202818,1188.3624132,1196.8626640399998,853.7100480199999,N/D
                Petrolíferos y gas licuado (7),,,,,,,,,,,,,,,,,,,,,,,,,,,,,,,,,,,,,,,,,,,,,,,,,,,,,,,,,,,,,,,,,,,,,,,,,,,,,,,,,,,,,,,,,,,
                            Exportaciones,189.596896250079,173.51166130556697,291.06232853818,273.01075864920904,387.458770178738,220.560812186356,197.887442238516,199.247343414876,218.619235383955,225.56321742582398,213.96333344327198,145.139681677136,171.65666923672399,161.73277967957898,170.40042781159298,191.750534357184,202.98586527377302,153.04411394498598,157.31063835119798,142.135607321868,154.64888139792,170.253727938145,176.024908293278,175.010768504963,186.696496612468,69.36311267800599,43.482869157421995,42.145674269613,93.38185519463899,133.6971431548,145.891988388139,174.77817130015399,171.76295281312997,149.30830711214,97.68175537027,168.06224455401997,191.29813298311,215.81820191334,277.947030416926,269.18403472794995,217.64337899535997,229.40266404921,273.95074439332,264.98550816879,398.59400162019995,488.30269360885,306.22901703969995,338.92165462607,414.34204397010996,497.6213842901129,622.52136062152,500.741941807662,487.02344764951,405.57890089196997,450.48911695270994,471.10798555235,312.98945680498497,350.590250939556,346.466756512735,295.055010166091,340.96967026536,326.98013925414995,417.1228430881,350.84614169864,352.65160099809003,348.60530547549996,313.95914681323995,402.09690386514995,362.12241067119,294.36847247000003,265.65059873550996,338.21770505,488.777822783672,473.81998174380396,574.3862840536999,546.2904605045101,413.15537801999994,356.7942135,434.86648038,393.66048041,395.39024301999996,350.38895009,283.86594046,294.11846850999996,311.11348158999994,381.843428264635,365.83108294,373.20384375,306.78370302999997,247.74786744999997,N/D
                            Importaciones,2287.0894333857,2311.61876903223,2471.0185902298795,2370.4854590842697,2542.86324017871,2512.61544980316,2855.65815994298,2620.20965424321,2457.923210091,2845.7965624055,2630.81879296445,2296.3370139512904,1738.3366813156997,1840.00291877171,2101.4823968890696,2291.0558440160403,2200.90921878389,2073.74002483825,1870.66428935119,1842.7447398817098,1643.6305430910197,1881.0307574834999,1898.79226296087,1937.9382081766798,1878.71016644471,1711.51441911768,1460.07506548964,533.577117151269,411.743130538315,442.21577554976,765.688762273339,922.3299856955639,819.7104013350299,857.2939248825639,924.4488384872909,1006.8074250922698,946.3178212001689,809.0051262445609,958.368006718226,1298.8584800548501,1463.47586606548,1494.04113366804,1658.79831190703,1397.14262955452,1309.02277977786,1424.33287075652,1617.93963025823,1916.36633688128,1689.84627393878,1446.70446144725,2378.69291372551,2978.3141321028697,3638.1878973961498,4061.3657478998202,4466.880661171699,3445.73569249852,2790.6197315103,3101.39333283858,2512.81966173179,2401.55519940061,2283.06358132549,2298.6538030990196,2363.0997028849797,2195.30912057783,2184.18933275255,2026.3615635920398,2071.6442799009,2812.2626109100397,2877.19864518312,2951.69155102538,2310.4162766790396,2460.66845213328,1844.34622838935,2018.69960711201,1930.04875350809,2087.77825673556,2363.79383457321,2273.3470734879497,2268.46338910048,2227.6514986610296,1818.9818827268598,1673.48200546671,1706.6617545623,1768.15280115457,1502.75716913781,1465.28617648895,1673.67387566187,1510.5959448489798,1541.93435916504,1129.2058920302102,N/D
                Exportación neta de gas natural (MMpcd),-221.722302072906,-196.406279220937,-178.273213586612,-174.88379441476198,-182.306805541628,-172.15124190474097,-201.236463595851,-129.846674183427,-123.76295831999998,-191.49397248,-128.660343382844,-141.45575644,-135.40971127999998,-102.12293814,-108.37094781999998,-92.02128949,-96.29005971,-92.58566669,-80.84490793900001,-72.64178727,-75.03107718999999,-75.40744645849999,-74.39867053149999,-66.0261300424,-67.11805531,-55.112200789999996,-56.0873462,-46.94929614,-46.834996168,-50.692366549999996,-57.769308733,-71.244252566,-72.52952352999999,-77.91123201799999,-86.811307569947,-84.61902390185199,-89.306647376,-883.5768867930001,-100.45477106599999,-85.96556646770699,-100.07349978893498,-106.886147368,-126.157146052411,-134.09995496893998,-123.52361805,-166.51900017435298,-148.741532338427,-130.1980593754,-106.60447168138599,-111.693315252,-95.911197852644,-128.76745240558498,-181.991817177374,-164.474713424304,-96.029739699665,-143.091383796361,-119.021949150253,-91.06277504586699,-62.878856448105,-56.958564927556,-45.499597245135,-27.310941990849,-32.883630146560996,-21.880535044283,-32.694285332233,-47.438025926852,-50.262807104402995,-51.255727245242994,-58.870534396497995,-57.845887895463996,-59.289809309450995,-60.409176746753,-87.246598791251,-61.742203239527,-37.684875936598,-38.008369709666,-45.875768305,-60.866928145516,-68.70666083738399,-61.755373836965,-60.989796045994,-60.563526082285,-52.019520278917,-84.006843762279,-110.714855128763,-94.787371060545,-96.46863266343799,-94.987518385749,-108.484181407053,-106.16562803049699,N/D
                Petroquímicos (Mt),,,,,,,,,,,,,,,,,,,,,,,,,,,,,,,,,,,,,,,,,,,,,,,,,,,,,,,,,,,,,,,,,,,,,,,,,,,,,,,,,,,,,,,,,,,
                            Exportaciones,0.010605129999999999,1.60024591,1.92664481,0.69406061,5.82247515,2.96893357,4.78675536,9.11176399,2.57832267,3.20277984,4.84179858,1.63778686,3.5430226660999997,4.160800569999999,1.72700253,3.6127362599999997,3.8657193899999998,4.3392257,5.1283994,3.12937749,5.75378645,3.36484128,0.95051688,N/D,5.305551234037,3.2264010899999995,2.0695047100379997,N/D,N/D,-0.13345850170399998,N/D,1.542832493083,N/D,0.36079152007899995,N/D,1.3449284276,N/D,0.92635397005,3.557127869,N/D,18.34304032479,10.46129594,1.5649308727490001,N/D,N/D,6.70939462281,12.339445249999999,14.580208609999998,N/D,2.9252968824,7.688986445599999,N/D,N/D,N/D,N/D,N/D,1.6236604289099998,0.7945163928,N/D,N/D,N/D,N/D,N/D,N/D,N/D,2.5751569711999998,-0.0929772002,N/D,N/D,N/D,N/D,N/D,0.24134588709,2.3770167436,N/D,N/D,N/D,1.52126679356,N/D,N/D,N/D,1.0144114740499999,1.19073297735,N/D,N/D,N/D,0.9386905128599999,0.7433724399999999,N/D,N/D,N/D
                            Importaciones,48.324888076089,63.27697490843,88.57695579269898,18.66970616980001,28.465180163360003,59.55033058685999,46.05841965222,41.69173252622001,39.69616484399,43.035557964800006,61.32992689802,50.095797065659994,96.64633523746,49.72236177469,48.400648701289995,53.95243325477,62.179809398120995,53.747000646147995,55.90657992396,46.74320095933001,36.55153288237001,54.781410751580005,59.678935030000005,40.10268500509999,54.79913389704,62.85374672455999,51.94885213,35.60332021536,41.949308660439996,37.22881434,51.9500212453,52.850538163349995,47.21797989863,60.48042396669,67.35678804396,68.72162938,55.94503715505,56.45308098057001,57.30988081125999,49.838010644769994,40.81507731482999,60.49925239899699,70.37188241497998,91.46419994946999,88.13019549046999,75.94120458985998,111.86829347879,122.34055968164998,100.08259293905,113.59479977340999,122.60128418010999,106.01554963258,94.49483480152999,111.81726852775999,127.78773944506003,172.85779262514,198.16397994098998,184.20329166586,196.65762950472,186.13124129037996,193.44928229772,159.55156125361998,171.57743830318998,131.79867311265,160.55574567024,186.05728500153998,185.19223742406996,178.64776775815,222.80238664754,87.53076983721,184.61954849934997,275.69792755983,273.56875593137,225.21722069000003,44.7356754123,15.363663527699998,0.0,9.94431885505,1.0588730199000338,5.285967852110048,6.525983263240008,11.344370407900016,7.788492909549987,1.8587022664200106,7.109665773350002,11.360808638000009,11.362585302349999,0.0,7.017708079670001,6.951267984549986,N/D
,,,,,,,,,,,,,,,,,,,,,,,,,,,,,,,,,,,,,,,,,,,,,,,,,,,,,,,,,,,,,,,,,,,,,,,,,,,,,,,,,,,,,,,,,,,
            Precios (US$/b),,,,,,,,,,,,,,,,,,,,,,,,,,,,,,,,,,,,,,,,,,,,,,,,,,,,,,,,,,,,,,,,,,,,,,,,,,,,,,,,,,,,,,,,,,,
                Exportación,,,,,,,,,,,,,,,,,,,,,,,,,,,,,,,,,,,,,,,,,,,,,,,,,,,,,,,,,,,,,,,,,,,,,,,,,,,,,,,,,,,,,,,,,,,
                            Petróleo crudo (8),57.710001053087105,56.58901415728246,57.31461986716499,58.98903399765082,62.73223358135764,64.58557927813027,66.33984087730494,64.16016090704454,68.26124769540948,71.29072514744401,59.38413934071513,51.70969714220301,53.764858859222485,56.8174108148629,58.977883133767406,61.863776766023996,60.31361408299686,56.84572255312563,57.784216761015315,49.508198047173664,55.10138717350637,50.60082254732058,51.03253312760543,52.791042181896174,48.746468871333434,40.2536253857072,28.476826424543212,17.101023426882236,22.667799736542626,33.81138485494839,36.56857549311806,39.09619929035083,38.289537210149184,38.9340419746255,41.34305426712418,47.42871840622001,52.379672428395146,57.341603141467886,60.012202227726526,61.389923992818744,64.3396242201914,66.92938963655004,68.46079424473339,67.77599123831342,68.85782887262101,72.15569594833896,75.15024241446434,72.29246413372621,78.41874414969372,87.73087704029383,100.36018584430929,102.23750600683628,104.24507220566775,105.95436070406991,94.385492883275,86.26956345610101,81.62494361272019,78.13723814839489,76.8432214127134,69.7426946804597,67.42028934724455,67.01009343134122,63.50619774631767,67.18649083844386,65.03641403582255,65.5656904961173,72.29848773055535,76.7071473096868,81.79792629042667,80.5730476064922,74.30649183624985,69.24596121881409,70.94945613823252,73.4347362505138,73.77465527303305,75.90199378244506,74.50459081718692,72.3428463029546,71.35841661873438,70.6631646211381,65.59873725698468,65.37146821179287,64.93222399261752,64.80857695670018,66.209308414713,65.79416490382965,62.63081832681475,61.153047917686756,57.313699121611066,62.11926642499352,N/D
                                    Istmo,63.501275483809046,63.170955019440235,62.35742117587148,65.91302700221331,66.53,N/D,N/D,N/D,N/D,N/D,N/D,N/D,N/D,N/D,N/D,N/D,N/D,N/D,N/D,N/D,N/D,N/D,N/D,57.1177922604631,56.7868387848888,49.74769499789962,35.519599312787385,17.98498742793425,14.41471711085001,33.25614083699158,37.67677258625795,40.499572182766585,39.4088290706946,38.59987699126539,40.055986477817186,46.081321901196375,53.76474811672042,54.764288026569304,59.77246471697332,61.46783909886869,63.51209946106762,68.43042518065866,69.54297809567397,68.08712965844708,69.61035449548524,75.17832121847414,77.13427978840672,73.1004368884743,83.32001953443852,90.69136859986152,103.96729761100586,104.0481563695331,106.88522941985674,109.09756441527733,98.90205494863363,88.97929730699066,85.71785126715245,80.90949555336435,78.70358184341694,73.69439071863597,70.81151463925747,69.54992620952345,66.47800536286967,68.4006508912576,67.81809433881878,67.69004984963475,74.19363096763827,77.55074935401632,83.93987342002337,82.38080541955654,77.31801350033987,71.80165435109991,73.05323333623934,76.16401649303813,75.87139023966091,79.04886618148649,76.85313150120615,74.94532555381326,72.67144151140647,73.36091372287906,70.63314776758105,68.1022938823792,67.88693493455554,67.44726279077423,68.66658702841285,72.24295673011282,68.99188846878161,63.87195034903212,61.17123569199452,65.08034540629893,N/D
                                    Maya,57.4539946460486,56.1567616619261,57.22458410951803,58.15973209769239,62.89928850065199,64.63686461832586,66.42161928788596,64.26563113806506,68.36348218013791,71.15298750915574,59.82583908067738,51.86866879449063,54.056659904691614,57.37980962523333,59.46449236642624,62.07702998638982,60.33673634985551,56.905372748403764,57.87595205194884,49.58496078035032,55.055440772028504,51.00563209717553,51.320901548071475,53.02353121655448,49.79272283011208,39.67613096355906,28.180158890542565,18.145170282908477,24.161033209983962,34.03184564567073,36.413290252314326,38.8878380409205,38.181713219555476,39.18490666881068,41.77997065493022,48.02605747502516,52.36599216226593,57.92251787043761,60.173047667341514,61.62542627397741,64.67139354602625,66.64099319364429,68.237922304185,67.71552615801838,68.85678491960533,71.36262964777121,74.87352989954074,72.26706322740826,76.44200514444783,87.35555746366065,99.71751366726407,101.35932784781228,103.22749464686255,104.68262732724044,91.84115732264817,85.0272917495359,80.08760758609624,76.99246918292168,75.95939536290886,67.5889584700136,65.53953612959734,65.7567902974481,61.261365150609734,65.78518965350774,62.75658693634124,63.861842546397625,70.22560828544398,76.79501695172571,82.07957861381827,79.12582191318401,72.72661832207332,67.00252957043239,69.66879710995279,71.56951749393124,72.61554198908927,74.7455840599215,73.02474093926415,70.82927509653503,69.98260418319047,68.399104169591,62.92733456913452,63.94428322827374,63.40859638940283,63.209425117718546,64.9009166500126,63.77183046104399,60.351114049785075,59.59617613941262,55.91640573776655,61.26086319308754,N/D
                                    Olmeca,N/D,N/D,N/D,N/D,N/D,N/D,N/D,N/D,N/D,N/D,N/D,N/D,N/D,N/D,N/D,N/D,N/D,N/D,N/D,N/D,N/D,N/D,N/D,N/D,N/D,N/D,N/D,N/D,N/D,N/D,N/D,N/D,N/D,N/D,N/D,N/D,N/D,N/D,N/D,N/D,N/D,N/D,N/D,N/D,N/D,N/D,N/D,N/D,N/D,N/D,N/D,N/D,N/D,N/D,N/D,N/D,N/D,N/D,N/D,N/D,N/D,N/D,N/D,N/D,N/D,N/D,80.37514477685501,79.85882260778952,N/D,87.82,84.10000000000001,N/D,79.82,75.92277256616194,79.20768943221873,N/D,N/D,72.66,77.28,70.83,67.85,67.32,67.22256868029791,67.09777113063298,71.57334469401488,70.02148487692634,63.27831006443035,64.60822239492627,58.335801196759704,58.31,N/D
                            Gas Licuado,N/D,N/D,N/D,N/D,N/D,15.320091102892883,N/D,N/D,N/D,17.690962858387337,N/D,N/D,N/D,N/D,N/D,N/D,N/D,N/D,N/D,N/D,N/D,N/D,18.532958565011622,N/D,N/D,N/D,N/D,N/D,N/D,16.101937616684634,16.080686904694325,N/D,N/D,N/D,N/D,N/D,N/D,N/D,N/D,N/D,N/D,N/D,N/D,N/D,N/D,N/D,N/D,N/D,N/D,N/D,N/D,N/D,N/D,N/D,N/D,N/D,N/D,N/D,N/D,N/D,N/D,N/D,N/D,N/D,N/D,N/D,N/D,N/D,N/D,N/D,N/D,N/D,N/D,N/D,N/D,N/D,N/D,N/D,N/D,N/D,N/D,N/D,N/D,N/D,N/D,N/D,N/D,N/D,N/D,N/D,N/D
                            Turbosina,N/D,N/D,N/D,N/D,N/D,N/D,N/D,N/D,N/D,N/D,N/D,N/D,N/D,N/D,N/D,N/D,N/D,N/D,N/D,N/D,N/D,N/D,N/D,N/D,N/D,N/D,N/D,N/D,N/D,N/D,N/D,N/D,N/D,N/D,N/D,N/D,N/D,N/D,N/D,N/D,N/D,N/D,N/D,N/D,N/D,N/D,N/D,N/D,N/D,N/D,N/D,N/D,N/D,N/D,N/D,N/D,N/D,N/D,N/D,N/D,N/D,N/D,N/D,N/D,N/D,N/D,N/D,N/D,N/D,N/D,N/D,N/D,N/D,N/D,N/D,N/D,N/D,N/D,N/D,N/D,N/D,N/D,N/D,N/D,N/D,N/D,N/D,N/D,N/D,N/D,N/D
                            Diesel,N/D,N/D,N/D,N/D,N/D,N/D,N/D,N/D,N/D,N/D,N/D,N/D,N/D,N/D,N/D,N/D,N/D,N/D,N/D,N/D,N/D,N/D,N/D,N/D,N/D,N/D,N/D,N/D,N/D,N/D,N/D,N/D,N/D,N/D,N/D,N/D,N/D,N/D,N/D,N/D,N/D,N/D,N/D,N/D,N/D,N/D,N/D,N/D,N/D,N/D,N/D,N/D,N/D,N/D,N/D,N/D,N/D,N/D,N/D,N/D,N/D,N/D,N/D,N/D,N/D,N/D,N/D,N/D,N/D,N/D,N/D,N/D,N/D,N/D,N/D,N/D,N/D,N/D,N/D,N/D,N/D,N/D,N/D,N/D,N/D,N/D,N/D,N/D,N/D,N/D,N/D
                            Combustóleo (alto azufre),50.31674135359824,48.7538754780579,49.14810839710226,51.94056388211992,59.181886499692055,59.70778837596204,61.811041406498,59.05964700117178,61.31370616952208,65.96448072364676,57.08796771547728,45.52063195260477,50.770493533790955,58.16799246036533,58.29529771267987,57.573568118687824,55.707516826880344,49.29321256695011,51.49194638403197,41.68907479318344,45.98401180386299,33.47683950604276,30.559389109023936,35.73530278051622,35.99780130070937,26.79307032112959,12.761274423295905,9.594603168506096,17.777069019225557,28.206614380533292,31.744445421933353,34.29738839638171,31.081626390677318,31.70265646046389,35.761611870153686,40.64291122544264,43.664317060951426,49.753786549313006,48.6842566065708,51.533277223522106,53.19593060296162,55.895482749260594,55.95372709347279,56.95319202750107,63.513908298502294,65.9341123943192,58.95487928167433,61.66550416797592,72.94530500032334,79.6270742933618,88.06991149871611,86.25331037306734,88.3147610810654,85.1663706265114,78.58750321823366,66.77978401322069,52.515579414331626,51.26343097720621,51.194041837854,47.70306000492526,49.83437462854307,51.4558589177477,52.51728744784371,53.85228627710499,51.36309027368192,56.56599613308076,63.89294780418831,70.49236778079604,72.15810792238251,64.38650174646196,60.9558817340237,60.76623650180275,56.53740393775549,57.82122229895468,62.92289918193513,64.88636173607897,61.98984285859432,65.04026211919061,62.87812541335677,57.907463523762104,59.11972391557225,60.680032268828995,58.402761742514485,60.95587048350906,60.30537212878209,57.88785585372524,55.31425724566473,53.548261183259676,56.3752715877878,59.034911683980205,N/D
                Importación,,,,,,,,,,,,,,,,,,,,,,,,,,,,,,,,,,,,,,,,,,,,,,,,,,,,,,,,,,,,,,,,,,,,,,,,,,,,,,,,,,,,,,,,,,,
                            Gas Licuado,50.903399815204075,45.79642591910937,41.46869310426861,42.07581466824946,46.137572157357184,44.225641138521304,47.72854160764526,49.50191137924726,49.76844497301142,44.21158829444478,41.80895376862422,36.92397012128337,37.954109637571506,36.72386064568963,36.00467757200664,35.09974874402601,31.81799128244103,27.1802354975788,25.808515300758643,25.190268496571903,26.829992283162543,28.321641691227153,27.87579588806446,30.113937251479772,27.00914846340114,26.53824104803418,23.21809778956526,24.474018545556433,25.37545577393836,28.787171920933893,30.05555335209701,30.53558460785292,30.417148352472143,32.19584577585293,32.020873519300785,38.81328123247194,46.0471925928397,47.38134329377254,49.09256290239815,45.397764101486246,42.11972483149771,47.43811771385917,53.35644672743514,54.63359095529114,62.93954356722223,70.11384142329011,64.33535452896837,53.8089995411986,58.18598031644589,63.62966003439576,68.74654081115379,63.34302026527519,60.69516617852317,59.253861340994234,58.37401402158979,56.32208788081221,52.050633428149595,48.109876251776235,45.68139353394213,41.56681417987453,41.43918884991862,44.3862512420949,43.66024628935445,49.01998926145859,37.55632556221911,34.45691367691307,36.18376827043292,37.86155535109812,40.87576838858556,43.5242823085859,38.45472355893249,39.812905108840276,39.4718089844613,48.335930672208946,46.53179438643975,44.82049798692176,41.83146345390125,43.45911336592517,45.47134083431882,44.679805518250284,38.83536924045121,46.97425455174511,46.225331726578986,43.86770280486969,53.1436515339523,51.76640828880767,50.23354204180438,48.033399046215465,42.3568516438306,44.27854865360701,N/D
                            Gasolinas,79.31723275736385,82.14526354043392,80.14509120659264,85.1565951040196,90.78509017900691,92.79384100897741,91.26895884347742,91.3769075288116,90.13796988599938,92.93376671577514,82.01681404672559,69.0409219964852,63.06673242489887,66.804397559613,76.94605342889983,85.10215590160139,89.27033674701596,83.65716969881812,81.79201128774605,79.27189022353127,74.6780644499726,77.23771989540467,76.48774997380856,75.90949125405997,76.91558055675839,74.55142176611628,63.01874825434969,36.196888073167635,31.581909428640742,42.35799365875207,50.546907788999825,52.382998704899,53.63762920285674,54.69145849936366,49.668831658083406,53.01042499561771,60.393355359977726,68.26972009153641,79.4566434490834,80.75804394304096,82.57840169565584,84.27515499712098,89.28569636763304,91.67088454336358,90.90766795999836,96.2957819724586,100.16359545833208,92.49886263168769,95.98342015959798,107.89152712761918,125.6857062002395,133.92355399432734,145.10297008484372,164.77094123648817,162.67537028247904,138.9932742790357,124.3347232584799,119.3235481909464,118.91571231497507,104.73443860670463,104.2861250170687,112.31166136370433,111.1266646952445,112.54960905216574,111.76616551591563,107.11247856944992,108.76926668656647,121.63391130969745,125.77736192849768,117.94559471517093,105.17028359109234,95.37593969281602,96.1377100780353,104.83355368479066,112.64318580235572,116.5872209692052,113.37674886974324,104.96924545669508,106.6413943878174,104.36449231951211,95.89106235235691,92.3089182565848,88.37651949034506,87.820788813834,91.6223768484579,93.64099260970073,92.58294140988689,89.67784584759566,86.35580368399314,89.00002092278453,N/D
                            Combustóleo (bajo azufre),60.14889228276417,57.90822,58.94495116178667,58.70605552449734,64.97152076751595,68.17649126079466,74.77416868203517,68.49693994539054,69.32936870179141,75.42462046228864,77.70397401355524,61.89163,62.38906197158642,61.96197850601631,69.01838096554444,68.4009322255038,75.7384604357194,62.656603212541306,69.44554203326113,57.76164144163819,51.192337755365386,59.72859297463988,54.3368169393752,43.26371793472453,49.217827428555395,N/D,39.276779999999995,37.89939662499893,33.89363019500595,38.84579872440434,41.09553,47.084289999999996,49.695530000000005,49.69553,N/D,N/D,N/D,N/D,N/D,N/D,N/D,N/D,N/D,N/D,N/D,N/D,N/D,N/D,N/D,N/D,N/D,N/D,N/D,N/D,N/D,N/D,N/D,N/D,N/D,N/D,N/D,N/D,N/D,N/D,N/D,N/D,N/D,N/D,N/D,N/D,N/D,N/D,N/D,N/D,N/D,N/D,N/D,N/D,N/D,N/D,N/D,N/D,N/D,80.82,81.34875,86.02040790493663,84.93554,82.93758771162736,N/D,N/D,N/D
                            Gas natural (US$/MMBtu),4.225134565154207,4.379399407346806,3.7712187645577893,3.7038687241389163,3.7929469472184607,3.8455181665792852,3.3936000222492533,3.7214871754608128,3.788154306544855,4.782591579682382,4.096622548795802,4.817152184125073,3.9713051930363688,3.3422258831971683,3.1905186330488777,3.021269871282418,2.9388930993657003,2.84708968807868,2.623853046112748,2.454445317082079,2.678740721996669,2.6197849984884014,2.8352637003389356,2.605846166572304,2.343291020954122,2.171105286959948,2.070791601979886,1.9674991171387917,2.1067633808666204,1.9996782131509538,1.9532641013624654,2.4391878194147494,2.722517388842084,2.674010574023309,3.195099539690137,3.1189339909598837,2.9532766368391177,33.507125020884686,3.137011630605047,2.9759090133058663,3.3725274625061132,3.491346343096173,4.039439040930446,4.3533571452885225,5.025978495431603,5.979084511208354,5.974853045757923,5.728108015036499,4.961051149453982,6.429293068953477,4.849871743591391,6.474941014028398,8.022386758300458,9.035819946832095,7.2110335159960615,8.812962190574558,8.792596956677112,5.632726740618614,5.19765206271295,6.28420913121222,5.016302438688661,3.431559109743287,2.888019619047941,2.417418042706505,2.6341116840755956,2.844165166403663,3.159852396865506,3.120024764646363,3.233787214981784,3.147211115617593,3.1873648244996193,3.0192980195860897,3.7016433761907073,2.9448871574007045,1.8788416751009345,1.790150667263422,2.142790752239697,2.6958923129900545,2.5322405497026956,2.1636510841821304,2.3706332312054443,2.7583853700706182,2.427077866696871,3.5904427558672527,4.422818462101393,3.835205932970752,3.8248381158071147,3.6727672074132633,3.3678837721459853,3.2887634082895385,N/D
,,,,,,,,,,,,,,,,,,,,,,,,,,,,,,,,,,,,,,,,,,,,,,,,,,,,,,,,,,,,,,,,,,,,,,,,,,,,,,,,,,,,,,,,,,,
"(1) Incluye el gas licuado de plantas de complejos procesadores de gas, refinerías  y de Pemex Exploración y Producción, así como gasnafta de complejos petroquímicos.",,,,,,,,,,,,,,,,,,,,,,,,,,,,,,,,,,,,,,,,,,,,,,,,,,,,,,,,,,,,,,,,,,,,,,,,,,,,,,,,,,,,,,,,,,,
"(2) Incluye los productos petroquímicos elaborados complejos petroquímicos, refinerías y el etano y azufre obtenidos en lo complejos procesadores",,,,,,,,,,,,,,,,,,,,,,,,,,,,,,,,,,,,,,,,,,,,,,,,,,,,,,,,,,,,,,,,,,,,,,,,,,,,,,,,,,,,,,,,,,,
"de gas, gasolina base octano, nafta pesada y gasolina amorfa; no incluye gasnafta (petrolífero de complejos petroquímicos).",,,,,,,,,,,,,,,,,,,,,,,,,,,,,,,,,,,,,,,,,,,,,,,,,,,,,,,,,,,,,,,,,,,,,,,,,,,,,,,,,,,,,,,,,,,
(3) Incluye propano (petroquímico básico).,,,,,,,,,,,,,,,,,,,,,,,,,,,,,,,,,,,,,,,,,,,,,,,,,,,,,,,,,,,,,,,,,,,,,,,,,,,,,,,,,,,,,,,,,,,
(4) No incluye gasnafta de complejos petroquímicos y mezcla de pentanos.,,,,,,,,,,,,,,,,,,,,,,,,,,,,,,,,,,,,,,,,,,,,,,,,,,,,,,,,,,,,,,,,,,,,,,,,,,,,,,,,,,,,,,,,,,,
(5) No incluye gasnafta de complejos petroquímicos.,,,,,,,,,,,,,,,,,,,,,,,,,,,,,,,,,,,,,,,,,,,,,,,,,,,,,,,,,,,,,,,,,,,,,,,,,,,,,,,,,,,,,,,,,,,
"(6) Incluye solventes, no incluye propano ni mezcla de pentanos.",,,,,,,,,,,,,,,,,,,,,,,,,,,,,,,,,,,,,,,,,,,,,,,,,,,,,,,,,,,,,,,,,,,,,,,,,,,,,,,,,,,,,,,,,,,
(7) Incluye naftas y condensados.,,,,,,,,,,,,,,,,,,,,,,,,,,,,,,,,,,,,,,,,,,,,,,,,,,,,,,,,,,,,,,,,,,,,,,,,,,,,,,,,,,,,,,,,,,,
(8) Mezcla.,,,,,,,,,,,,,,,,,,,,,,,,,,,,,,,,,,,,,,,,,,,,,,,,,,,,,,,,,,,,,,,,,,,,,,,,,,,,,,,,,,,,,,,,,,,
